urbanicity,year,medianHI,IncarcerationRate,total_pop
"small/mid",2004,136,2.758909880038112e-3,5947639
"small/mid",2004,101,4.530961860493152e-3,6370612
"small/mid",2004,105,3.8022683145506045e-3,6116612
"small/mid",2004,86,5.135331531933074e-3,9844934
"small/mid",2004,96,5.340605387724711e-3,7219968
"small/mid",2004,122,3.366060467901075e-3,6106248
"small/mid",2004,92,5.332514931143655e-3,8836731
"small/mid",2004,114,3.446034102944205e-3,4885326
"small/mid",2004,77,5.760838984734822e-3,4066248
"small/mid",2004,110,3.831295858280226e-3,5632298
"suburban",2002,100,2.7093108661237647e-3,2243744
"suburban",2002,150,1.1573593762247952e-3,3686841
"suburban",2002,92,3.5170302619524658e-3,4699135
"suburban",2002,103,2.5561793806459436e-3,1352409
"suburban",2002,112,2.209972496815644e-3,6133108
"suburban",2002,130,1.920849481282987e-3,6388840
"suburban",2002,85,4.04946563616672e-3,6834482
"suburban",2002,119,2.0398376354253825e-3,10213558
"suburban",2002,73,4.277799671897662e-3,11740849
"suburban",2002,97,2.8151535499664256e-3,4117715
"rural",2004,169,1.945496398603995e-3,134670
"rural",2004,68,5.381110754752626e-3,1138055
"rural",2004,87,5.554013369758041e-3,4196785
"rural",2004,113,3.086032659759452e-3,3763408
"rural",2004,106,3.3907189945205068e-3,3849626
"rural",2004,121,2.956215010682235e-3,3326551
"rural",2004,100,3.8583682534380093e-3,4478318
"rural",2004,134,2.5533489415060914e-3,2286409
"rural",2004,78,5.963370607236382e-3,3231394
"rural",2004,94,4.153361495621085e-3,5353495
"urban",1998,128,2.7542938242222665e-3,6224463
"urban",1998,97,6.000010787590238e-3,4264159
"urban",1998,86,5.202397902462267e-3,2871176
"urban",1998,104,5.275226281997779e-3,19984356
"urban",1998,74,8.316948174030794e-3,5293408
"urban",1998,94,6.072299179133429e-3,16579552
"urban",1998,157,3.4080078974758525e-3,1845653
"urban",1998,100,5.191006751611367e-3,5722782
"urban",1998,119,3.902814719856504e-3,3157721
"urban",2014,109,4.0516553755211415e-3,5107542
"urban",2014,93,4.7102559698417885e-3,7126152
"urban",2014,85,6.3591319501958244e-3,6556398
"urban",2014,120,2.6821890699357752e-3,5390746
"urban",2014,91,5.788921992869108e-3,4210974
"urban",2014,98,5.672817548843435e-3,11726448
"urban",2014,76,6.441225072497471e-3,10389328
"urban",2014,143,2.3685075589765735e-3,18772581
"urban",2014,101,4.5117603170989826e-3,21845797
"small/mid",1989,102,2.5454403373376213e-3,4530061
"small/mid",1989,88,2.7060904527415443e-3,5859745
"small/mid",1989,66,2.273166829879608e-3,2285358
"small/mid",1989,97,2.3931258369575734e-3,4124313
"small/mid",1989,107,2.3599255410143493e-3,5637466
"small/mid",1989,112,2.3539844925425566e-3,5644897
"small/mid",1989,136,1.7718343177094288e-3,2344463
"small/mid",1989,120,1.9282072106339891e-3,4669104
"small/mid",1989,81,3.026632084577863e-3,5004903
"small/mid",1989,94,3.373792104334494e-3,4737992
"small/mid",2005,128,3.3385955337155767e-3,4600737
"small/mid",2005,69,4.769982421938e-3,3317203
"small/mid",2005,84,5.844945963770616e-3,8900510
"small/mid",2005,97,5.557469523591519e-3,12974790
"small/mid",2005,101,5.395416762031954e-3,7047463
"small/mid",2005,107,3.853135228176111e-3,6283195
"small/mid",2005,111,3.3787426568211826e-3,5508854
"small/mid",2005,118,4.210494519920906e-3,8607540
"small/mid",2005,91,5.321813238553864e-3,8602707
"small/mid",2005,145,2.6428489125127604e-3,5189854
"suburban",2003,94,3.1929306665108327e-3,5578574
"suburban",2003,143,1.5224511448806283e-3,6837001
"suburban",2003,88,4.049520066432503e-3,6204192
"suburban",2003,80,4.314843225927691e-3,8594055
"suburban",2003,113,1.9496600865932332e-3,5676887
"suburban",2003,120,2.0831834746382095e-3,12984454
"suburban",2003,99,2.805484230202364e-3,5463228
"suburban",2003,106,2.7253101329840186e-3,2626857
"suburban",2003,69,4.363803662461697e-3,5233966
"rural",1989,107,1.6749079095305585e-3,4751306
"rural",1989,71,2.5337099921367624e-3,1819861
"rural",1989,88,2.3683405136897613e-3,3398160
"rural",1989,116,1.436524010314641e-3,3162495
"rural",1989,139,1.261151059756011e-3,1002259
"rural",1989,57,2.2760699752538936e-3,629594
"rural",1989,126,1.197964140849399e-3,2206243
"rural",1989,94,2.303147700298371e-3,3583791
"rural",1989,101,1.8327610050545807e-3,3917041
"rural",1989,80,2.915315503568318e-3,2565074
"rural",2005,135,2.881533047073248e-3,2517757
"rural",2005,65,4.901400278178358e-3,1171910
"rural",2005,77,6.298267502645335e-3,2532760
"rural",2005,93,5.304505459868713e-3,5371283
"rural",2005,113,3.3174630443930553e-3,4144432
"rural",2005,106,3.5899820356704417e-3,4507822
"rural",2005,99,4.514750786434989e-3,5896228
"rural",2005,170,2.180953010376049e-3,226965
"rural",2005,121,2.8834522370136564e-3,3400091
"rural",2005,86,5.850493024989355e-3,4464581
"urban",1999,127,3.0111265883234727e-3,9115193
"urban",1999,98,5.502973648329611e-3,1507912
"urban",1999,89,6.229912551177612e-3,4503434
"urban",1999,110,4.236149502405567e-3,5779305
"urban",1999,95,5.8080987153966345e-3,21138587
"urban",1999,100,5.926867435528558e-3,2297335
"urban",1999,74,7.684849312394035e-3,5009337
"urban",1999,166,3.541528017744195e-3,1860214
"urban",1999,104,5.448076611297942e-3,16314565
"small/mid",2006,112,3.5997798707953143e-3,7671858
"small/mid",2006,83,5.780300729418562e-3,7022991
"small/mid",2006,71,4.821680827836885e-3,3782291
"small/mid",2006,102,4.83280499445403e-3,8340291
"small/mid",2006,90,5.409272217960328e-3,8883635
"small/mid",2006,146,2.705104272138515e-3,4776156
"small/mid",2006,106,4.156951847706243e-3,5972405
"small/mid",2006,119,4.187153814893715e-3,8578142
"small/mid",2006,96,5.844873299559505e-3,15848761
"small/mid",2006,129,3.116546471420549e-3,3735866
"suburban",2000,87,3.4948256020087298e-3,5505568
"suburban",2000,148,1.2973362881283348e-3,2456572
"suburban",2000,78,4.552009068310146e-3,7897392
"suburban",2000,93,3.2525224139515023e-3,3700820
"suburban",2000,103,2.627888510158114e-3,2018731
"suburban",2000,111,2.1242128861237632e-3,8596596
"suburban",2000,123,2.0113572601702058e-3,11971021
"suburban",2000,66,3.677612888742402e-3,4129309
"suburban",2000,98,2.4804398459444955e-3,4130719
"rural",2006,168,2.9638377234039487e-3,347185
"rural",2006,76,5.984952491254096e-3,2766438
"rural",2006,63,4.502385592366104e-3,848217
"rural",2006,85,5.813102256435776e-3,4726392
"rural",2006,111,3.2816382794439987e-3,5008474
"rural",2006,92,5.245844406885478e-3,6060988
"rural",2006,121,3.2742050881237003e-3,3780765
"rural",2006,134,2.693526987691967e-3,2374953
"rural",2006,105,4.0285301482184946e-3,4851149
"rural",2006,99,4.388837918254282e-3,5883562
"urban",2012,101,4.573775451654169e-3,19289316
"urban",2012,87,6.708439274982644e-3,11820186
"urban",2012,118,2.8518935639068087e-3,5780370
"urban",2012,97,5.3305747107426065e-3,19347820
"urban",2012,137,2.5647367688886352e-3,18294665
"urban",2012,108,4.335682064955696e-3,6500246
"urban",2012,76,7.096758559808513e-3,9986672
"small/mid",2007,110,4.189823366192637e-3,8581030
"small/mid",2007,82,5.496041900159259e-3,7960638
"small/mid",2007,70,4.956602643022723e-3,3876849
"small/mid",2007,101,5.20018187879546e-3,7682039
"small/mid",2007,90,5.971228551916964e-3,11187480
"small/mid",2007,145,2.8169876762628695e-3,3853052
"small/mid",2007,104,4.511842411828286e-3,6279253
"small/mid",2007,117,4.202346273893724e-3,7846569
"small/mid",2007,95,5.428784457127696e-3,13025752
"small/mid",2007,128,2.765623817276995e-3,5390104
"suburban",2001,79,4.477646350828179e-3,8458015
"suburban",2001,151,1.2374880805999886e-3,2535782
"suburban",2001,88,3.4906697626498335e-3,5462562
"suburban",2001,95,3.0069412250945476e-3,5886713
"suburban",2001,113,2.1638094009617825e-3,7442430
"suburban",2001,106,2.9271696847936015e-3,1834195
"suburban",2001,130,1.7787671760278218e-3,5675279
"suburban",2001,120,2.0925335182197654e-3,7722218
"suburban",2001,67,3.798861253842722e-3,4713781
"suburban",2001,100,2.419725497654368e-3,2523840
"rural",2007,177,3.071514622798272e-3,385152
"rural",2007,86,5.854340077384338e-3,5216301
"rural",2007,65,5.096311245866425e-3,1062337
"rural",2007,94,5.182328771989375e-3,7094108
"rural",2007,107,3.5345043191858595e-3,5745643
"rural",2007,77,6.0995927800577e-3,2526890
"rural",2007,141,2.741538868730515e-3,1624635
"rural",2007,125,3.458354473744693e-3,3228414
"rural",2007,116,3.219015020600226e-3,4081994
"rural",2007,101,4.713104231763213e-3,6270814
"urban",1997,138,3.037367828660104e-3,6850010
"urban",1997,94,6.024073497005149e-3,17107527
"urban",1997,78,7.102435353802423e-3,7537837
"urban",1997,100,5.926751222640776e-3,9966337
"urban",1997,103,4.631289102803992e-3,9504913
"urban",1997,97,5.340589103906228e-3,4148606
"urban",1997,106,4.438464558375673e-3,6559025
"urban",1997,120,3.343900937498813e-3,4210352
"urban",1997,99,5.8660358969572805e-3,653593
"urban",2013,114,3.179857686721368e-3,5786108
"urban",2013,101,4.46137792882429e-3,12649231
"urban",2013,95,5.239246524358662e-3,14354545
"urban",2013,140,2.4783810504784686e-3,18913153
"urban",2013,99,5.048883682772232e-3,14758708
"urban",2013,76,7.128380127251335e-3,11416619
"urban",2013,87,6.572356998463785e-3,9759056
"urban",2013,120,2.6378450084400605e-3,2683630
"urban",2013,105,4.690034558149376e-3,3062664
"small/mid",2000,126,3.2300531431133186e-3,3655977
"small/mid",2000,97,4.293448506955583e-3,6846012
"small/mid",2000,93,4.911264407894476e-3,6561854
"small/mid",2000,86,4.929480785586156e-3,8777395
"small/mid",2000,110,3.5965783157846706e-3,3769138
"small/mid",2000,138,2.6045044462999125e-3,4055282
"small/mid",2000,106,4.038993161647025e-3,5326575
"small/mid",2000,118,2.7352642385235467e-3,6584373
"small/mid",2000,101,4.295615947836036e-3,7012964
"small/mid",2000,78,4.820198395898652e-3,5168252
"suburban",2006,101,4.004551706566074e-3,2315615
"suburban",2006,150,1.283494595733226e-3,4996515
"suburban",2006,84,4.590086391916654e-3,11813721
"suburban",2006,90,3.574994746642153e-3,9589105
"suburban",2006,127,2.0134871450070684e-3,9723926
"suburban",2006,105,2.835832673620883e-3,2775199
"suburban",2006,119,1.7830014815985351e-3,7239478
"suburban",2006,110,2.8794893921328213e-3,5682952
"suburban",2006,70,4.482202747241527e-3,7589795
"suburban",2006,98,2.948973366375657e-3,3704340
"rural",2000,182,1.6479237971061733e-3,110442
"rural",2000,81,5.498621036783562e-3,3597993
"rural",2000,89,4.663810637153585e-3,4005094
"rural",2000,101,2.9653010795151293e-3,3572993
"rural",2000,140,2.5031190114082114e-3,1390665
"rural",2000,107,3.356507454749732e-3,4050639
"rural",2000,124,2.661328992206791e-3,2930115
"rural",2000,114,2.771587482911665e-3,2936945
"rural",2000,68,3.948138185590389e-3,1326448
"rural",2000,96,3.578449455091379e-3,4348252
"urban",2010,103,5.29199163059713e-3,19520628
"urban",2010,93,4.702145371060802e-3,5439432
"urban",2010,83,7.114306496537156e-3,5869019
"urban",2010,124,3.073921817728318e-3,13054008
"urban",2010,99,5.6052896743483465e-3,17032126
"urban",2010,88,6.500058493214788e-3,4513344
"urban",2010,91,6.464311633241551e-3,4088293
"urban",2010,147,2.7905804350872618e-3,6379318
"urban",2010,115,3.2145146592593614e-3,5277313
"urban",2010,75,7.518257202024445e-3,8636044
"small/mid",2001,140,2.441003152538267e-3,3929532
"small/mid",2001,86,5.03671069779193e-3,10132605
"small/mid",2001,100,4.255519142660795e-3,5574643
"small/mid",2001,93,4.902583850186413e-3,7867484
"small/mid",2001,97,4.6678510681603625e-3,4888545
"small/mid",2001,127,3.3026685098670205e-3,4147858
"small/mid",2001,109,3.8451206672042945e-3,7125134
"small/mid",2001,118,2.689352169276252e-3,6617207
"small/mid",2001,77,4.8472512085580306e-3,5299911
"small/mid",2001,104,4.012222063143701e-3,5517890
"suburban",2007,101,3.5455718402036714e-3,4914581
"suburban",2007,151,1.32574271479164e-3,5135989
"suburban",2007,82,4.321649328756062e-3,9529695
"suburban",2007,88,4.146375116847267e-3,9139067
"suburban",2007,129,2.1199841563943364e-3,6708069
"suburban",2007,106,2.911153865560414e-3,5014163
"suburban",2007,119,1.7881639330944057e-3,8173188
"suburban",2007,112,2.2132322261125123e-3,4409840
"suburban",2007,69,4.601371132286488e-3,6735601
"suburban",2007,94,3.5520419547250084e-3,6497671
"rural",2001,184,1.5151515151515152e-3,133980
"rural",2001,78,5.730490164576198e-3,2138037
"rural",2001,85,5.116418702394001e-3,3580825
"rural",2001,113,2.7016638538141396e-3,3621472
"rural",2001,125,2.745045826147947e-3,3139474
"rural",2001,92,4.359254962946539e-3,4843947
"rural",2001,139,2.508160454565686e-3,1595193
"rural",2001,106,3.2022076794409856e-3,4848530
"rural",2001,67,4.207942491452617e-3,1300398
"rural",2001,99,3.4343386272832088e-3,5085113
"urban",1995,121,3.39274135831309e-3,7726790
"urban",1995,107,5.18300381490492e-3,11171707
"urban",1995,76,8.522582734481289e-3,5758935
"urban",1995,102,5.048576550717632e-3,3297167
"urban",1995,94,5.693728099921132e-3,27786715
"urban",1995,100,5.772482420087583e-3,7995347
"urban",1995,104,3.991691453925609e-3,4145611
"urban",1995,143,2.972354056748512e-3,5245001
"urban",2011,103,4.991415865754373e-3,17728637
"urban",2011,95,3.977517115308793e-3,2678304
"urban",2011,85,6.746399324540336e-3,6953487
"urban",2011,137,2.788521652417727e-3,18580096
"urban",2011,100,5.648461365286009e-3,16488384
"urban",2011,91,6.478939904701742e-3,5366310
"urban",2011,93,5.796843996064265e-3,5798155
"urban",2011,118,3.0788681645380297e-3,5164885
"urban",2011,109,3.811412349654214e-3,2595101
"urban",2011,76,7.419683436558028e-3,8643765
"small/mid",2002,140,2.6164800021322076e-3,3977099
"small/mid",2002,96,4.631283380390787e-3,5783710
"small/mid",2002,104,4.5114809076225665e-3,6082925
"small/mid",2002,78,5.49540459164959e-3,6172248
"small/mid",2002,126,3.2432624884874846e-3,5111828
"small/mid",2002,118,2.7407760520389134e-3,5693278
"small/mid",2002,92,5.097177120247376e-3,7773126
"small/mid",2002,110,3.560413424452565e-3,6434646
"small/mid",2002,100,4.204038735877094e-3,6464498
"small/mid",2002,86,5.0297137459055135e-3,8978841
"suburban",2004,99,2.7951088631735905e-3,3292895
"suburban",2004,151,1.5011608808500284e-3,3156224
"suburban",2004,94,2.992014246361891e-3,7187800
"suburban",2004,78,4.151696747467522e-3,8512905
"suburban",2004,118,2.1142951530404974e-3,14202842
"suburban",2004,101,2.8498080875163797e-3,2519117
"suburban",2004,130,1.6566771579762103e-3,6127929
"suburban",2004,109,2.1454034147405368e-3,3764327
"suburban",2004,69,4.728345276010716e-3,4775032
"suburban",2004,87,4.497957368966608e-3,6644127
"rural",2002,140,2.5428486067252854e-3,1492814
"rural",2002,79,6.101027616299729e-3,2814280
"rural",2002,68,4.552364619966613e-3,1448478
"rural",2002,101,3.479177222149885e-3,4446741
"rural",2002,126,2.7352535329405103e-3,3060411
"rural",2002,115,2.7880170613839446e-3,3342519
"rural",2002,107,3.2916921679079347e-3,4552066
"rural",2002,175,1.713695935814298e-3,154053
"rural",2002,86,5.113150525463608e-3,4219512
"rural",2002,94,4.06147894945433e-3,5434966
"urban",2008,114,3.936515732962783e-3,6335806
"urban",2008,94,6.166419863969553e-3,7036660
"urban",2008,71,1.0348301011528147e-2,4746383
"urban",2008,90,5.1724310127628575e-3,6708451
"urban",2008,127,3.3518518801663737e-3,15696696
"urban",2008,99,5.398261976946955e-3,17275375
"urban",2008,82,6.855094827286389e-3,15296652
"urban",2008,157,3.1762607763450024e-3,2811482
"urban",2008,103,5.407814515050887e-3,12820706
"small/mid",2003,141,2.8176761503885084e-3,3177796
"small/mid",2003,79,5.234781383779178e-3,6985392
"small/mid",2003,106,4.299121465083257e-3,5552995
"small/mid",2003,88,5.0571973250708e-3,9165551
"small/mid",2003,112,3.327435592602921e-3,6415451
"small/mid",2003,128,3.150687038161952e-3,5202040
"small/mid",2003,99,4.70567145179742e-3,8289359
"small/mid",2003,119,3.0370857801520095e-3,5207953
"small/mid",2003,93,5.271551978568603e-3,8911038
"small/mid",2003,103,4.142419735466869e-3,6188412
"suburban",1989,89,2.4715741019295055e-3,1788334
"suburban",1989,61,2.7724740196517347e-3,2479374
"suburban",1989,76,2.2035944672702183e-3,6839734
"suburban",1989,93,1.4419874699011857e-3,2757999
"suburban",1989,116,1.2191535476257119e-3,4229984
"suburban",1989,108,1.7730355191365671e-3,9037044
"suburban",1989,132,1.0970270468111036e-3,4043656
"suburban",1989,97,1.6641509933599467e-3,2416848
"suburban",1989,101,1.703882320881946e-3,3398122
"suburban",1989,83,2.345517720639333e-3,3597500
"suburban",2005,93,3.138445241755328e-3,6596897
"suburban",2005,157,1.4006709209220447e-3,2226790
"suburban",2005,80,4.4652552753429295e-3,11626211
"suburban",2005,88,3.93957826989365e-3,6638274
"suburban",2005,134,1.6659372171218476e-3,6159896
"suburban",2005,119,1.8981654822985445e-3,12424628
"suburban",2005,104,2.966452967204949e-3,4388406
"suburban",2005,109,2.796460718162336e-3,5559885
"suburban",2005,68,4.384454146572806e-3,6163367
"suburban",2005,101,3.1646991657304922e-3,1357475
"rural",2003,142,2.5947922679307924e-3,1311473
"rural",2003,69,4.687260254309854e-3,1414259
"rural",2003,80,6.001049559696907e-3,3125120
"rural",2003,119,2.9099498045043505e-3,2635097
"rural",2003,105,3.4758239701352073e-3,4022931
"rural",2003,100,3.687475898362033e-3,4182807
"rural",2003,112,3.055999224849719e-3,3901179
"rural",2003,128,2.8826349099352134e-3,2136240
"rural",2003,88,5.315227934044617e-3,4278650
"rural",2003,94,4.139465192446774e-3,4757861
"urban",2009,101,5.685573403553365e-3,22158539
"urban",2009,87,5.943028113751052e-3,8302165
"urban",2009,83,6.385969934716414e-3,3996104
"urban",2009,133,3.127170791067056e-3,17862152
"urban",2009,97,5.48547812381007e-3,12096302
"urban",2009,75,7.687956481371167e-3,11515804
"urban",2009,89,5.67752139589789e-3,4337280
"urban",2009,115,3.555310098787656e-3,5623982
"urban",2009,106,3.8649437566202695e-3,2550878
"small/mid",2012,119,3.6972343003631282e-3,7293019
"small/mid",2012,74,5.757138363034106e-3,5403900
"small/mid",2012,92,5.097466946629649e-3,9068818
"small/mid",2012,98,5.057438381463496e-3,12290214
"small/mid",2012,112,3.8217440543898834e-3,7614063
"small/mid",2012,103,4.834167371028671e-3,7115186
"small/mid",2012,129,2.8252718483149854e-3,7966667
"small/mid",2012,150,2.088796034160827e-3,4594034
"small/mid",2012,87,5.417647126105714e-3,14425635
"small/mid",2012,107,4.462319539509394e-3,5353942
"suburban",2010,93,3.607277131027444e-3,9875870
"suburban",2010,85,4.488706633138055e-3,8163376
"suburban",2010,107,2.925694201191564e-3,5355652
"suburban",2010,149,1.3062142108185243e-3,4090447
"suburban",2010,128,1.6570420225519827e-3,13052777
"suburban",2010,100,2.8948903895666305e-3,5508326
"suburban",2010,116,2.0298716105916037e-3,8612860
"suburban",2010,66,4.986267295963238e-3,3920568
"suburban",2010,78,3.776339274374278e-3,9645055
"rural",2012,176,3.0555259477459845e-3,309603
"rural",2012,93,5.185397212876002e-3,5554830
"rural",2012,86,6.064716729716131e-3,4996606
"rural",2012,113,3.3577281019996964e-3,5040015
"rural",2012,138,2.533895317953224e-3,2014290
"rural",2012,68,6.652025878582182e-3,1853270
"rural",2012,123,3.172528466092995e-3,4425177
"rural",2012,106,3.7289977723842013e-3,5213197
"rural",2012,100,4.7158174174141525e-3,5885512
"rural",2012,79,6.024781400695405e-3,4036495
"urban",2006,104,5.117294801978752e-3,11472077
"urban",2006,95,4.330568071061623e-3,1697006
"urban",2006,66,1.1377297448648847e-2,2628568
"urban",2006,87,5.993261050266529e-3,8323849
"urban",2006,118,3.726238226048327e-3,17843733
"urban",2006,100,5.564876288515334e-3,18768791
"urban",2006,92,7.157701177975285e-3,6312781
"urban",2006,81,6.649699066369548e-3,14547726
"urban",2006,145,3.3046978352388595e-3,5623207
"small/mid",1997,107,3.671388912171161e-3,6657426
"small/mid",1997,70,3.5928704621752345e-3,2519434
"small/mid",1997,87,4.496085433884413e-3,8957570
"small/mid",1997,103,3.6855521117099485e-3,4236543
"small/mid",1997,121,2.234500423680703e-3,5478182
"small/mid",1997,133,2.6198500020708604e-3,4732332
"small/mid",1997,80,4.738753415126678e-3,4950036
"small/mid",1997,113,3.5718645611859156e-3,6766214
"small/mid",1997,94,3.7248075762383874e-3,5142816
"small/mid",1997,98,3.861003378768266e-3,8006468
"small/mid",2013,114,3.936049961977254e-3,5569035
"small/mid",2013,102,4.844214062651917e-3,9812118
"small/mid",2013,74,5.747350876995572e-3,4532349
"small/mid",2013,97,5.157043515283772e-3,11381909
"small/mid",2013,91,5.288528552401925e-3,11995208
"small/mid",2013,129,2.6603970749563516e-3,8182989
"small/mid",2013,119,3.807036732983681e-3,6157545
"small/mid",2013,151,2.2158099500936214e-3,4688579
"small/mid",2013,85,5.3755629094967726e-3,12147379
"small/mid",2013,108,3.847883431204572e-3,8372395
"suburban",1995,90,2.689951462658168e-3,6378182
"suburban",1995,134,1.21818248600318e-3,4764475
"suburban",1995,74,3.6709761211058947e-3,8205447
"suburban",1995,96,2.5668642614951674e-3,2997042
"suburban",1995,107,2.1646650131608883e-3,5529262
"suburban",1995,113,1.808833320527092e-3,7769649
"suburban",1995,121,1.990457048798648e-3,5870511
"suburban",1995,101,1.950955999249606e-3,2921132
"suburban",1995,60,3.6838228838443456e-3,2460216
"suburban",1995,82,3.759811958666782e-3,6110146
"suburban",2011,86,3.6112448333765483e-3,8068132
"suburban",2011,99,3.4860127426518174e-3,5728321
"suburban",2011,79,4.127611655813306e-3,12085197
"suburban",2011,149,1.402705089114109e-3,4358008
"suburban",2011,121,1.6287398561470187e-3,8666209
"suburban",2011,132,1.6620748951975098e-3,7856445
"suburban",2011,104,2.5901298475455043e-3,5336412
"suburban",2011,113,2.1976657832545104e-3,6412258
"suburban",2011,67,4.980394556647901e-3,4526549
"suburban",2011,92,3.4747566846721535e-3,6010205
"rural",1997,119,2.222058738860919e-3,3126380
"rural",1997,74,4.638678818858739e-3,2285349
"rural",1997,98,2.8905995919100303e-3,4421574
"rural",1997,130,2.4525477391390523e-3,1917190
"rural",1997,143,2.110730123459155e-3,835256
"rural",1997,83,3.7713797577868164e-3,3205193
"rural",1997,103,2.2050414544909154e-3,4160466
"rural",1997,61,4.000153306088381e-3,704473
"rural",1997,110,2.527197550104963e-3,3935189
"rural",1997,91,3.5429790311105698e-3,3858335
"rural",2013,182,2.688702073885533e-3,390523
"rural",2013,94,5.367405564122169e-3,6004577
"rural",2013,77,6.514339002125549e-3,4023432
"rural",2013,118,3.3659879167022635e-3,4658662
"rural",2013,127,2.715935031218285e-3,3407298
"rural",2013,65,6.3121870718524575e-3,1034982
"rural",2013,145,3.0305421686200556e-3,1102443
"rural",2013,101,4.542393924884062e-3,7516301
"rural",2013,110,3.570232839629531e-3,5558461
"rural",2013,86,5.715285783073988e-3,6388132
"urban",2007,105,4.003435609987607e-3,5094874
"urban",2007,95,5.191563209577146e-3,3398591
"urban",2007,68,1.1768788485160055e-2,2873023
"urban",2007,92,6.36424005048804e-3,8678491
"urban",2007,119,3.62946699833563e-3,17979775
"urban",2007,100,5.807361834960765e-3,22008100
"urban",2007,83,6.570433361872777e-3,19230695
"urban",2007,146,3.3374903727932713e-3,5677919
"urban",2007,108,5.223276386715354e-3,2944512
"small/mid",1998,136,2.6590850293779556e-3,4124351
"small/mid",1998,65,3.593542918379957e-3,2089303
"small/mid",1998,78,4.622756550746413e-3,5023626
"small/mid",1998,103,3.7926348902773146e-3,4379541
"small/mid",1998,122,2.379890236414364e-3,6312476
"small/mid",1998,114,3.3429666025424735e-3,5805921
"small/mid",1998,87,4.833736306321019e-3,10311692
"small/mid",1998,107,3.8797834487883515e-3,7032609
"small/mid",1998,95,4.079396601481104e-3,6337702
"small/mid",1998,99,4.2464502064147695e-3,6457629
"small/mid",2014,124,3.1969128087220968e-3,7579187
"small/mid",2014,73,5.5067228459190435e-3,5443528
"small/mid",2014,102,4.821482386259935e-3,9188253
"small/mid",2014,92,5.585056440143041e-3,11135071
"small/mid",2014,116,3.6500833508741853e-3,7986119
"small/mid",2014,97,4.6302460460650435e-3,8103889
"small/mid",2014,149,2.1585335040992535e-3,4131972
"small/mid",2014,134,2.299435367920233e-3,3309943
"small/mid",2014,85,5.320821049033551e-3,15224718
"small/mid",2014,107,3.794182574063523e-3,8731525
"suburban",2008,150,1.3257255254904314e-3,5271076
"suburban",2008,79,4.561638542194605e-3,11777347
"suburban",2008,94,3.920826241046509e-3,4299859
"suburban",2008,128,2.1200646095066488e-3,7671936
"suburban",2008,100,3.1383901529557275e-3,7967142
"suburban",2008,117,1.7706504207251723e-3,10347610
"suburban",2008,107,2.81881819725059e-3,5578579
"suburban",2008,67,4.727342598651713e-3,5516630
"suburban",2008,87,3.670923714141514e-3,9346149
"rural",1998,114,2.7614737100239363e-3,2813715
"rural",1998,65,4.399311544993133e-3,1046982
"rural",1998,84,4.488652007493346e-3,2963696
"rural",1998,123,2.555465696514232e-3,2869927
"rural",1998,138,2.264902224205666e-3,1729876
"rural",1998,76,4.805117846282943e-3,2311910
"rural",1998,102,2.6048461198144137e-3,4231344
"rural",1998,107,2.6680117339421532e-3,3239491
"rural",1998,91,4.0915332955706925e-3,3827416
"rural",1998,97,3.3816794900558243e-3,3788650
"rural",2014,183,2.836996412519072e-3,363765
"rural",2014,95,5.4857573826338065e-3,6279534
"rural",2014,78,5.836222475625692e-3,4084834
"rural",2014,108,3.732418993769425e-3,4623811
"rural",2014,141,2.9526352775825723e-3,1778750
"rural",2014,67,5.609479429898646e-3,1575369
"rural",2014,125,3.0714975743620304e-3,4366274
"rural",2014,101,4.551460387741977e-3,5456051
"rural",2014,116,3.473757587356078e-3,4896139
"rural",2014,87,5.586784884340806e-3,5421186
"urban",2004,123,3.2906853762254473e-3,7549795
"urban",2004,100,5.291443578885919e-3,15862590
"urban",2004,89,7.680480961950163e-3,6092457
"urban",2004,104,4.54279231278616e-3,13227107
"urban",2004,103,6.444752122893558e-3,1899530
"urban",2004,96,6.331863309702087e-3,11689608
"urban",2004,93,5.690042578445853e-3,1961321
"urban",2004,140,3.3957305048660986e-3,7083601
"urban",2004,110,4.9037897031136875e-3,9421081
"urban",2004,75,8.16923900760173e-3,5247490
"small/mid",1999,137,2.855156010642587e-3,4961200
"small/mid",1999,77,4.50180310520602e-3,5914519
"small/mid",1999,94,4.269385870895445e-3,5736188
"small/mid",1999,102,4.593961402514469e-3,4287585
"small/mid",1999,99,4.063601887563402e-3,7134065
"small/mid",1999,122,2.1786058715660825e-3,5576502
"small/mid",1999,105,3.7219846219909763e-3,4154504
"small/mid",1999,114,3.082683993978699e-3,5289222
"small/mid",1999,87,4.726232970401478e-3,11504088
"small/mid",1999,109,4.146087858381278e-3,5677159
"suburban",2009,95,3.235770060894217e-3,4658242
"suburban",2009,102,3.459648346326325e-3,6904748
"suburban",2009,110,2.5395993603431607e-3,6579778
"suburban",2009,151,1.221993780712834e-3,3796255
"suburban",2009,131,1.779985434733183e-3,7793884
"suburban",2009,88,3.928923990884089e-3,7231751
"suburban",2009,120,1.8530602621379445e-3,9381778
"suburban",2009,67,4.805761013383077e-3,4610300
"suburban",2009,80,4.192072972040757e-3,13426293
"rural",1999,115,2.596978949121755e-3,2599559
"rural",1999,85,4.380143499381333e-3,3557646
"rural",1999,97,3.125953988507161e-3,4235507
"rural",1999,108,2.7251374713288395e-3,3993560
"rural",1999,125,2.6488202954280966e-3,3077974
"rural",1999,77,4.778087962563893e-3,2343406
"rural",1999,142,2.2656150946875828e-3,1388144
"rural",1999,66,3.980151841916084e-3,1197693
"rural",1999,103,2.772741366948003e-3,4521518
"rural",1999,91,4.213280087973135e-3,3652024
"urban",1989,128,2.1200300992764414e-3,5901803
"urban",1989,81,4.447568534730654e-3,4381720
"urban",1989,99,4.37829212964743e-3,3537224
"urban",1989,106,3.83645911357158e-3,7457658
"urban",1989,103,3.858622153191787e-3,7888308
"urban",1989,95,4.253225368389337e-3,15754867
"urban",1989,111,3.3844567849605632e-3,1645168
"urban",2005,107,4.992628368124978e-3,4910039
"urban",2005,96,4.4299459839665266e-3,1330716
"urban",2005,73,8.410905338303526e-3,6876192
"urban",2005,117,3.768182336215671e-3,17777006
"urban",2005,100,5.491070483919887e-3,11625602
"urban",2005,86,6.5605757289887824e-3,14459859
"urban",2005,91,6.843911856487777e-3,8655430
"urban",2005,101,5.283847516847425e-3,13372074
"urban",2005,145,3.303579191161774e-3,5578495
"small/mid",2008,111,4.1473996231359e-3,6861890
"small/mid",2008,93,5.8053968280538885e-3,12784139
"small/mid",2008,67,4.861627595559257e-3,2176843
"small/mid",2008,99,5.51541513214786e-3,11409114
"small/mid",2008,79,4.885212343566897e-3,5258318
"small/mid",2008,150,2.7208457582990233e-3,4059032
"small/mid",2008,105,4.566390797243055e-3,8614462
"small/mid",2008,128,3.2743623331321844e-3,6794300
"small/mid",2008,87,5.779975978787163e-3,10225129
"small/mid",2008,118,4.028073854977624e-3,8193246
"suburban",1998,90,3.1772247142490503e-3,4566564
"suburban",1998,142,1.2129620748844916e-3,2418872
"suburban",1998,63,3.3568573897132044e-3,3339135
"suburban",1998,97,2.9466093028997892e-3,1717228
"suburban",1998,106,1.9914819816198837e-3,5560683
"suburban",1998,121,1.9250759395019856e-3,9148730
"suburban",1998,84,3.4874025932379133e-3,5238856
"suburban",1998,112,2.077333727082182e-3,6698009
"suburban",1998,76,4.390761963637517e-3,8264397
"suburban",1998,100,1.9878376368647186e-3,3671326
"suburban",2014,93,3.1653496560220123e-3,7205839
"suburban",2014,107,2.6202765647392935e-3,7052309
"suburban",2014,101,3.2687642002597467e-3,3374058
"suburban",2014,114,2.110643695958362e-3,5360450
"suburban",2014,151,1.390534982032057e-3,3155620
"suburban",2014,131,1.2838421610403975e-3,8448079
"suburban",2014,79,3.915691613384537e-3,13696431
"suburban",2014,121,1.6933768234604876e-3,5624265
"suburban",2014,66,5.260405224171796e-3,3659604
"suburban",2014,88,3.697731164276866e-3,6018285
"rural",2008,177,3.145677989134091e-3,371621
"rural",2008,85,5.932681090672616e-3,4617811
"rural",2008,65,5.549041961221556e-3,1356991
"rural",2008,99,4.593682746435855e-3,6384420
"rural",2008,125,3.381001777434222e-3,3404908
"rural",2008,78,6.100646031193305e-3,3144585
"rural",2008,107,3.797385820506874e-3,6058115
"rural",2008,141,2.5685880476321284e-3,1245042
"rural",2008,115,3.215324683294485e-3,4790807
"rural",2008,93,5.290242474867876e-3,5687641
"urban",2002,110,4.416995156751709e-3,10151245
"urban",2002,89,6.816207560760901e-3,9626174
"urban",2002,104,4.803805551324562e-3,2389772
"urban",2002,100,4.950847439428703e-3,15087922
"urban",2002,98,5.182562549371073e-3,4732022
"urban",2002,96,5.34497944298339e-3,14826811
"urban",2002,71,8.483305393062303e-3,5226029
"urban",2002,134,3.06304804350336e-3,11216605
"urban",2002,101,3.5365953997283485e-3,741391
"small/mid",2009,128,3.076189714154587e-3,5299088
"small/mid",2009,69,5.036799228653203e-3,2265129
"small/mid",2009,89,6.159748781240299e-3,14579166
"small/mid",2009,95,5.537385257467602e-3,10402202
"small/mid",2009,101,5.006267573377433e-3,12835111
"small/mid",2009,114,4.416992496322491e-3,6027178
"small/mid",2009,108,3.938775354417047e-3,6943021
"small/mid",2009,121,3.7599304378622507e-3,5986015
"small/mid",2009,81,4.786335131979854e-3,7071799
"small/mid",2009,149,2.534957849854383e-3,4404018
"suburban",1999,83,3.933294573343162e-3,4776403
"suburban",1999,147,1.1476811541842793e-3,2491110
"suburban",1999,90,3.1537958339516742e-3,4871907
"suburban",1999,77,4.3976261395491005e-3,6202892
"suburban",1999,115,1.981999033538881e-3,5970235
"suburban",1999,101,1.9971337506044374e-3,2510598
"suburban",1999,124,2.101105771827367e-3,8183786
"suburban",1999,108,1.958202995535614e-3,6815943
"suburban",1999,67,3.6824554787700577e-3,4720220
"suburban",1999,96,2.6403606150315283e-3,3287051
"rural",2009,183,2.583904935330402e-3,277874
"rural",2009,80,5.709369554341905e-3,3416139
"rural",2009,68,5.845687530222081e-3,1695780
"rural",2009,117,3.0757549324955526e-3,4717541
"rural",2009,128,3.1184125034633726e-3,3085865
"rural",2009,87,5.587261694337479e-3,4055296
"rural",2009,100,4.5088803367070406e-3,6549076
"rural",2009,146,2.7412254700632573e-3,1054273
"rural",2009,107,3.7052397306810494e-3,6225778
"rural",2009,93,5.427253069478523e-3,5266937
"urban",2003,114,3.645841877106085e-3,5791255
"urban",2003,89,7.242230899492572e-3,8085492
"urban",2003,99,5.115440903738835e-3,8530252
"urban",2003,101,4.731718183690614e-3,10477378
"urban",2003,103,4.656683229982345e-3,3608577
"urban",2003,96,5.36217140864064e-3,16434014
"urban",2003,73,8.350237745177702e-3,5230390
"urban",2003,133,3.0754782819951442e-3,10471542
"urban",2003,107,5.325357688911777e-3,6563315
"small/mid",2010,122,3.4109245107040824e-3,7851537
"small/mid",2010,77,5.320227897922798e-3,5620060
"small/mid",2010,92,5.7621377360775215e-3,15038863
"small/mid",2010,98,5.345929917682389e-3,11410924
"small/mid",2010,102,4.582600236638438e-3,5893379
"small/mid",2010,155,2.3973481120002364e-3,2978708
"small/mid",2010,135,2.510961392621034e-3,4545271
"small/mid",2010,105,4.038628795800224e-3,4218511
"small/mid",2010,86,5.74441649393097e-3,7878607
"small/mid",2010,113,4.064950159290238e-3,12757844
"suburban",2012,87,3.6172914394727363e-3,8926845
"suburban",2012,99,3.4819706041438383e-3,5219171
"suburban",2012,79,3.946685264447888e-3,12164892
"suburban",2012,126,1.517363292346734e-3,10192681
"suburban",2012,116,1.9252244721314517e-3,7763770
"suburban",2012,143,1.5107096291694447e-3,8086928
"suburban",2012,103,2.9970963825573685e-3,2599516
"suburban",2012,108,2.3405748931577914e-3,5153862
"suburban",2012,65,5.0455969974418985e-3,4008049
"suburban",2012,93,3.5501471221505245e-3,5505969
"rural",2010,176,3.103527054812576e-3,284515
"rural",2010,81,5.792399606806375e-3,4246254
"rural",2010,70,5.635144095592821e-3,1524717
"rural",2010,116,3.078848323309106e-3,4428604
"rural",2010,125,3.1345580887317953e-3,2474671
"rural",2010,102,4.245901108008872e-3,6479190
"rural",2010,96,5.275110094894897e-3,5780922
"rural",2010,139,2.478651213272464e-3,1318459
"rural",2010,109,3.4511715074111173e-3,4521653
"rural",2010,89,5.464359393099155e-3,5577781
"urban",2000,107,4.3477168684859305e-3,4179895
"urban",2000,106,4.784425195113883e-3,816190
"urban",2000,72,8.60965127529066e-3,5202069
"urban",2000,100,5.354711830077174e-3,8756587
"urban",2000,87,6.197505909009681e-3,4745296
"urban",2000,98,4.570601830587128e-3,4517567
"urban",2000,94,5.907495762670337e-3,18876865
"urban",2000,133,3.0488880172857315e-3,10575659
"urban",2000,102,5.179940266755187e-3,6603358
"urban",2000,111,3.918233191096759e-3,4855760
"small/mid",1995,115,3.0069222444597406e-3,5661603
"small/mid",1995,87,4.242546697512059e-3,9576795
"small/mid",1995,64,3.4308816210669897e-3,1627570
"small/mid",1995,109,3.530552571359896e-3,6556764
"small/mid",1995,94,4.101257068043564e-3,9403946
"small/mid",1995,122,2.2425058451178135e-3,5526407
"small/mid",1995,104,3.204590864339541e-3,4211146
"small/mid",1995,135,2.1952604694972506e-3,4748867
"small/mid",1995,78,4.071804650541389e-3,6257422
"small/mid",1995,100,3.608779111735974e-3,9715197
"small/mid",2011,134,2.619466943012534e-3,4960933
"small/mid",2011,73,5.321807951212783e-3,3812802
"small/mid",2011,103,4.685422340496472e-3,9057668
"small/mid",2011,97,5.71170469368813e-3,12415908
"small/mid",2011,123,3.4688432957151877e-3,6750377
"small/mid",2011,110,4.112948872709004e-3,8017362
"small/mid",2011,155,2.293945747030598e-3,2993532
"small/mid",2011,91,5.3694806658871e-3,15944745
"small/mid",2011,84,5.418797238204526e-3,7481365
"small/mid",2011,116,3.7523626365259426e-3,8077311
"suburban",1997,81,3.5788232690579353e-3,5024836
"suburban",1997,141,1.1496823625824013e-3,2356303
"suburban",1997,73,3.992583066662679e-3,7289266
"suburban",1997,88,2.97334685585613e-3,4767355
"suburban",1997,107,1.9653236741057636e-3,7794136
"suburban",1997,122,1.7921732203205329e-3,8084040
"suburban",1997,99,1.8650005888637899e-3,3769972
"suburban",1997,113,1.900585043907104e-3,5293107
"suburban",1997,60,3.5543234759159254e-3,2278352
"suburban",1997,94,2.816070676624804e-3,2044693
"suburban",2013,95,3.405343259739406e-3,3863634
"suburban",2013,150,1.3082365798049377e-3,6383402
"suburban",2013,100,2.9967107197118553e-3,6463420
"suburban",2013,82,3.672139627518955e-3,5938772
"suburban",2013,126,1.5258159082673257e-3,11060312
"suburban",2013,88,3.559001564755681e-3,9692887
"suburban",2013,113,1.8590881711012012e-3,10631556
"suburban",2013,105,2.537088284132238e-3,4434217
"suburban",2013,63,5.523465014948765e-3,4453545
"suburban",2013,76,4.025419000404939e-3,11515323
"rural",1995,109,2.347873161923578e-3,3552151
"rural",1995,85,3.8714606327291535e-3,3840411
"rural",1995,92,3.400414600726081e-3,4530624
"rural",1995,117,2.2748742003418864e-3,2824332
"rural",1995,141,1.9424875375932105e-3,1456380
"rural",1995,64,3.815115570789587e-3,1109796
"rural",1995,126,2.0844639264875975e-3,2596351
"rural",1995,76,4.109239899694116e-3,2750387
"rural",1995,103,2.3655101046630572e-3,5039505
"rural",1995,98,3.096579515870542e-3,4590549
"rural",2011,168,3.456281631582526e-3,514715
"rural",2011,94,5.381679265885742e-3,4638515
"rural",2011,79,6.1299219236139214e-3,5083099
"rural",2011,106,4.059591727748671e-3,5040901
"rural",2011,136,2.5651547248395816e-3,1949590
"rural",2011,67,6.175397035199382e-3,1573664
"rural",2011,123,2.9888018701433572e-3,3897883
"rural",2011,114,3.1198017038874745e-3,5460924
"rural",2011,100,4.419263244642718e-3,5894874
"rural",2011,88,5.848816367037348e-3,5223621
"urban",2001,114,3.853731465012399e-3,4928989
"urban",2001,72,8.62030419387778e-3,5210953
"urban",2001,102,4.789972154526884e-3,6100453
"urban",2001,95,5.526892246224486e-3,6715709
"urban",2001,104,4.913598062314963e-3,2349195
"urban",2001,99,5.228260223642277e-3,22970165
"urban",2001,89,6.766769161231007e-3,8177019
"urban",2001,136,2.9637183049003274e-3,10679490
"urban",2001,108,4.611861812306889e-3,5090352
