year,state,CrimeRate,ImprisonedPerCrimeRate
1983,"AL",6.329051387273672e-2,2.208579075184616e-9
1983,"CA",9.852163169333741e-2,1.6026307190023521e-9
1983,"CO",9.77856098832687e-2,1.0173705705530708e-9
1983,"IL",7.988570560537972e-2,1.6799735262645993e-9
1983,"KY",4.9432671242450654e-2,1.6938605562012134e-9
1983,"MA",6.851817690277026e-2,8.678537608853074e-10
1983,"MD",7.822947325534838e-2,1.995544552338682e-9
1983,"MI",9.643634722384875e-2,1.0369188494437796e-9
1983,"MN",6.410171443493017e-2,8.871636764359916e-10
1983,"MO",7.456364049015946e-2,7.640723040566775e-10
1983,"MS",4.5511160665165376e-2,2.28869834311134e-9
1983,"ND",4.4446720127718345e-2,2.558043362675016e-9
1983,"NE",6.750695375996213e-2,1.1487954997899658e-9
1983,"NH",4.941760250718203e-2,2.607194447380474e-10
1983,"PA",4.897304614507735e-2,8.445838711725248e-10
1983,"RI",7.640035146075878e-2,1.6573224077382785e-9
1983,"SD",4.6181183404556174e-2,2.9332068825362414e-9
1983,"WI",6.565088010394095e-2,1.2386732904438705e-9
1983,"WV",3.9541258076964944e-2,1.0214760214760214e-9
1983,"WY",6.316375347058009e-2,1.4516375490246012e-9
1984,"AL",6.021139178168697e-2,2.172580224367336e-9
1984,"CA",9.543931273569835e-2,1.7644765352444514e-9
1984,"CO",9.798093716987444e-2,1.0970623557828545e-9
1984,"GA",6.537874936451449e-2,4.802947380084606e-9
1984,"HI",8.228702443218457e-2,4.0749512398996934e-10
1984,"IL",4.4664082532893445e-2,2.90408141171376e-9
1984,"KY",4.6621546820553285e-2,2.5432273262661956e-9
1984,"MA",6.2099930691197784e-2,1.2013133276785025e-9
1984,"MD",5.324151719802757e-2,2.6496595686629544e-9
1984,"ME",5.450058352795304e-2,1.9080258616498955e-9
1984,"MI",0.10070792954600215,1.261307840215191e-9
1984,"MN",6.194897637490926e-2,9.437089320880535e-10
1984,"MO",5.269734798997215e-2,2.4408930999916996e-9
1984,"MS",4.580772469255311e-2,4.374941386101472e-9
1984,"NC",5.8988871619341604e-2,4.306054035955919e-9
1984,"ND",4.4888178474253124e-2,2.132875704829615e-9
1984,"NE",6.032634153345683e-2,1.2271494625124374e-9
1984,"NH",4.664891559136115e-2,7.090122613588317e-10
1984,"NJ",7.200184077853643e-2,1.6776139391943206e-9
1984,"NY",8.698824826687498e-2,1.3851700180255858e-9
1984,"OH",6.158555001710348e-2,2.335301671190825e-9
1984,"OR",9.671504435022935e-2,1.1921219411479558e-9
1984,"PA",4.6784866923105406e-2,1.721422917924916e-9
1984,"RI",7.409547442579158e-2,1.9086751938498242e-9
1984,"SC",7.05822125218544e-2,3.882967011617816e-9
1984,"SD",4.855525368380198e-2,2.9768467475192943e-9
1984,"WI",6.488170632706541e-2,1.2624178511386214e-9
1984,"WV",3.7193935158700904e-2,1.7039594637011792e-9
1984,"WY",5.857613761224567e-2,1.8380767572229406e-9
1985,"AL",6.086030030262306e-2,2.8245894972294238e-9
1985,"CA",9.677757236248621e-2,2.1557569804902437e-9
1985,"CO",0.10363956598357559,1.0360455644017984e-9
1985,"FL",0.10902960193687643,2.2374893030654735e-9
1985,"GA",9.500548322444739e-2,3.80004682744088e-9
1985,"HI",7.87408740959418e-2,6.248645524813986e-10
1985,"IL",8.212116133925766e-2,1.709022852639874e-9
1985,"KY",4.686501489450537e-2,2.6394748746734122e-9
1985,"MA",6.351167075095168e-2,1.3086569976252625e-9
1985,"MD",7.813068711719326e-2,1.5116254778666776e-9
1985,"ME",5.233006947548044e-2,1.2616459627329192e-9
1985,"MI",9.681419337497184e-2,1.4102940414731426e-9
1985,"MN",6.647048853175759e-2,9.260635167826722e-10
1985,"MO",6.739031877489365e-2,1.9494143576220127e-9
1985,"MS",4.0389801985530875e-2,5.098389982110912e-9
1985,"NC",5.953260399920684e-2,3.7028057219397997e-9
1985,"ND",4.695087830789001e-2,2.0362939450200636e-9
1985,"NE",6.363504670103519e-2,1.266508880015899e-9
1985,"NH",4.795096156406926e-2,9.78123360794841e-10
1985,"NJ",7.548973621181465e-2,1.4578288422896592e-9
1985,"NY",8.350050123203695e-2,1.4445022823736685e-9
1985,"OH",6.0721251842688034e-2,2.5099659020825013e-9
1985,"OK",8.610914721126756e-2,2.200807686951678e-9
1985,"OR",0.10519169171892237,1.5296409195452894e-9
1985,"PA",4.653722024741687e-2,1.787999510365779e-9
1985,"RI",7.128988629581594e-2,1.4082678953858133e-9
1985,"SC",7.368776910565279e-2,3.019229470038017e-9
1985,"SD",4.625677064952203e-2,3.2574802627214223e-9
1985,"TX",0.10081201307144357,2.4326562450900476e-9
1985,"UT",8.985071376347543e-2,1.0157088609055968e-9
1985,"VA",5.573392445110647e-2,2.696922783674342e-9
1985,"WA",9.691893457614978e-2,8.570348572256234e-10
1985,"WI",6.1926210185550945e-2,1.3986884926329241e-9
1985,"WV",3.583255578032478e-2,1.829224552258435e-9
1985,"WY",6.467857840977236e-2,1.7262575555783218e-9
1986,"AL",6.580890415404546e-2,2.476801867522614e-9
1986,"CA",0.1001130891758667,2.633053859596865e-9
1986,"CO",0.10514548122925127,1.1493454935156782e-9
1986,"FL",0.12904648614418207,2.4567431778071773e-9
1986,"GA",0.10342666211802422,3.721940775110606e-9
1986,"HI",8.524367369402357e-2,7.279794452862507e-10
1986,"IL",8.571873061647284e-2,1.7358283745693703e-9
1986,"KY",4.968853787152236e-2,2.659937969826e-9
1986,"MA",6.039441800355399e-2,1.5044896010798087e-9
1986,"MD",8.112181177764488e-2,1.5802683847506866e-9
1986,"ME",5.156799936726381e-2,1.2653374233128834e-9
1986,"MI",9.698831165652451e-2,1.3925928452068342e-9
1986,"MN",6.621214818816779e-2,9.256826716530931e-10
1986,"MO",7.007632246232458e-2,1.9388938327535528e-9
1986,"MS",3.923211238492034e-2,5.096658032724745e-9
1986,"NC",6.253094262209348e-2,3.591819438868816e-9
1986,"ND",4.6400669327393805e-2,2.1747076023391815e-9
1986,"NE",6.772532793926657e-2,1.4183896690424105e-9
1986,"NH",4.956569102428117e-2,1.0555234239444765e-9
1986,"NJ",7.734405217940642e-2,1.6709524379061513e-9
1986,"NV",8.606625505504092e-2,3.356978036065294e-9
1986,"NY",8.564522163286734e-2,1.7637883763962758e-9
1986,"OH",6.088885559583606e-2,2.6321603575905425e-9
1986,"OK",9.646646380265883e-2,2.3118440779610194e-9
1986,"OR",0.10997505976936596,1.7008559044891956e-9
1986,"PA",4.7401807505860635e-2,1.6690903922061734e-9
1986,"RI",7.578012022513661e-2,1.4752706431755465e-9
1986,"SC",7.784002482935401e-2,3.1886452560439683e-9
1986,"SD",4.598767775443806e-2,3.7788920141861316e-9
1986,"TX",0.11386599203934879,2.6067496742971134e-9
1986,"UT",9.27332237858343e-2,9.98328740135693e-10
1986,"VA",5.628117818383569e-2,2.785261811005884e-9
1986,"WA",0.10226518068909235,7.990184342829782e-10
1986,"WI",6.332073798589144e-2,1.4657240049536768e-9
1986,"WV",3.991874400120265e-2,1.238412514484357e-9
1986,"WY",7.209684745750776e-2,1.47008547008547e-9
1987,"AL",6.884524590594417e-2,2.386721861362591e-9
1987,"CA",9.657490314092128e-2,3.235199124940783e-9
1987,"CO",9.747036679337391e-2,1.43897421896697e-9
1987,"FL",0.13476386949719096,2.8501888985759955e-9
1987,"GA",8.392565640766195e-2,4.36287166173999e-9
1987,"HI",8.785543295021277e-2,7.854804180833648e-10
1987,"IL",8.370705975457535e-2,1.7703078175085354e-9
1987,"KY",5.162725803390783e-2,2.38055726115601e-9
1987,"MA",6.286176610685451e-2,1.5974038249472257e-9
1987,"MD",6.34023317189433e-2,2.1853569134074734e-9
1987,"ME",6.025386219257923e-2,1.6189088554314391e-9
1987,"MI",9.731954451110524e-2,1.4645742565881308e-9
1987,"MN",7.382934640164518e-2,9.387633427296832e-10
1987,"MO",7.463485015185754e-2,1.958317885705206e-9
1987,"MS",4.204935705411757e-2,5.068639437884017e-9
1987,"NC",6.714895806676821e-2,3.637055915918594e-9
1987,"ND",5.043477271498992e-2,1.9626642603350064e-9
1987,"NE",7.077497044832556e-2,1.5567795237323829e-9
1987,"NH",4.9729224815683835e-2,1.0957066189624328e-9
1987,"NJ",7.791068432080465e-2,1.7170236614236267e-9
1987,"NV",9.473822617196866e-2,2.8312977597805497e-9
1987,"NY",5.917395595309778e-2,1.421256291641209e-9
1987,"OH",6.528431039142105e-2,2.2516210876205044e-9
1987,"OK",9.738351542297724e-2,2.324522574933603e-9
1987,"OR",0.10922153776712461,1.935382107836694e-9
1987,"PA",4.8433715406689254e-2,1.69295450285194e-9
1987,"RI",7.979265677041895e-2,1.1373760733986692e-9
1987,"SC",7.818053692519765e-2,3.2389235591449467e-9
1987,"SD",3.7694600861212325e-2,2.987697715289982e-9
1987,"TX",0.11932271467357504,2.610964454068626e-9
1987,"UT",9.531348630546879e-2,9.256770558954124e-10
1987,"VA",5.863041641696945e-2,2.784011671565577e-9
1987,"WA",0.10405020952154519,7.747585168259244e-10
1987,"WI",6.404230548366542e-2,1.444802702287732e-9
1987,"WV",3.693405672818963e-2,1.5495558438965962e-9
1987,"WY",3.749681149562112e-2,3.1746031746031745e-9
1988,"AL",6.831785802445349e-2,2.8068019992740064e-9
1988,"CA",9.794370429690974e-2,3.873129754383917e-9
1988,"CO",9.374534762542802e-2,1.2789081885856079e-9
1988,"GA",0.1059597562139277,3.769552122801904e-9
1988,"HI",9.041906304476137e-2,5.783856815387184e-10
1988,"IA",6.891413841889084e-2,2.0920019518254003e-9
1988,"IL",8.733717106710709e-2,1.6977689167673089e-9
1988,"MA",6.350737262980531e-2,1.663632392901732e-9
1988,"MD",8.319711973881788e-2,1.8787951213318492e-9
1988,"ME",5.105090902211544e-2,1.259959236612933e-9
1988,"MI",9.1335056716946e-2,1.878420218894009e-9
1988,"MN",6.867505630804939e-2,1.165974008839633e-9
1988,"MO",7.553534432060312e-2,2.7135678391959797e-9
1988,"MS",4.493013444757916e-2,4.573608617594255e-9
1988,"NC",7.017800001047743e-2,4.111856518310078e-9
1988,"ND",4.696346770186675e-2,2.307737022612335e-9
1988,"NE",7.184602315184435e-2,1.5350274169807352e-9
1988,"NH",4.7766220363379595e-2,1.364566750056857e-9
1988,"NJ",7.864935623746995e-2,1.9291845441337165e-9
1988,"NV",9.359771942917754e-2,2.6659404172907873e-9
1988,"NY",9.39931358741304e-2,1.986045671116831e-9
1988,"OH",6.557805605672529e-2,2.4748905880522373e-9
1988,"OK",9.158482480186313e-2,2.6051797617746693e-9
1988,"OR",0.10926450584197393,2.008595014067379e-9
1988,"PA",4.890858037953395e-2,1.814013781085805e-9
1988,"SC",8.298549907217395e-2,3.179502357144367e-9
1988,"SD",3.2618991238456074e-2,4.355716878402903e-9
1988,"TX",0.12378483479680481,2.5597693318337732e-9
1988,"UT",9.38858989241152e-2,1.2010790442750706e-9
1988,"VA",6.039991584089927e-2,3.1321708155573042e-9
1988,"WA",0.1045179807739793,9.040074848940943e-10
1988,"WI",6.298022257348342e-2,1.432582932749512e-9
1988,"WV",3.800628936756915e-2,1.3417482482731202e-9
1988,"WY",4.47938183765588e-2,2.2203245089666947e-9
1989,"AL",7.121279301864242e-2,3.134694932781799e-9
1989,"AR",7.741066993338729e-2,1.6880567438931791e-9
1989,"CA",0.10071567480389822,4.3863163459324025e-9
1989,"CO",9.174688346982526e-2,1.7275724345375046e-9
1989,"FL",0.12693964069421318,4.4845443507643815e-9
1989,"GA",0.10483647703835489,4.136660637651755e-9
1989,"HI",0.10020113800202918,0.0
1989,"IA",6.923678688668417e-2,2.4102428722280886e-9
1989,"IL",8.770895644953662e-2,2.1937136832814376e-9
1989,"KY",4.8182501521042635e-2,3.928993047964671e-9
1989,"MA",2.5837583215783392e-2,5.6159420289855065e-9
1989,"MD",6.887217805707695e-2,1.8765925030865008e-9
1989,"ME",5.890414790367242e-2,1.0921177587844255e-9
1989,"MI",8.872704428676452e-2,2.3649732496360655e-9
1989,"MN",7.014632037147363e-2,1.2564746634250768e-9
1989,"MO",6.704612613626769e-2,2.326484353684387e-9
1989,"MS",4.524593275089444e-2,5.470469213841587e-9
1989,"NC",7.62648846297972e-2,4.617156592718713e-9
1989,"ND",4.6016613314492895e-2,2.5210084033613444e-9
1989,"NE",7.299079044441997e-2,1.8771192627804728e-9
1989,"NH",5.184348883351482e-2,1.4432245760527808e-9
1989,"NJ",7.870496685560573e-2,2.375616424979249e-9
1989,"NV",8.699959789579283e-2,4.723559028605009e-9
1989,"NY",9.399402153073962e-2,2.409304096319288e-9
1989,"OH",6.739985281711629e-2,3.646717698415573e-9
1989,"OK",8.925709167064923e-2,3.352732084188336e-9
1989,"OR",9.669284906441492e-2,3.0050849986799662e-9
1989,"PA",5.783187922765888e-2,1.9587272352842893e-9
1989,"SC",8.590502139390434e-2,3.362652130201728e-9
1989,"SD",3.0130548302872064e-2,5.719237435008665e-9
1989,"TN",6.49319185848424e-2,3.6572879954320817e-9
1989,"TX",0.12294010362611497,1.6104039599806785e-9
1989,"UT",9.534946978435978e-2,1.4201232716974844e-9
1989,"VA",6.155217996573898e-2,3.7217644522893468e-9
1989,"WA",9.779717763886212e-2,1.2848309907664048e-9
1989,"WI",6.596657041493886e-2,1.6003070037727574e-9
1989,"WV",3.93268377487504e-2,1.5589994687853661e-9
1989,"WY",3.645266594124048e-2,3.4825870646766168e-9
1990,"AL",7.30723727038578e-2,3.3259480759596957e-9
1990,"AR",7.897547729340436e-2,1.5749762566393471e-9
1990,"CA",9.912121134764429e-2,4.832843031762168e-9
1990,"CO",9.167766552610686e-2,1.5393131211473142e-9
1990,"FL",0.12752271945782348,4.206700982066073e-9
1990,"GA",9.794957657158296e-2,4.812096101791107e-9
1990,"HI",9.075914406270442e-2,6.752690066205722e-10
1990,"IA",6.766594454415839e-2,2.5400082806790156e-9
1990,"IL",9.0234697890702e-2,2.641570246223266e-9
1990,"KY",5.047503577675306e-2,3.937783028155148e-9
1990,"MA",2.328589909443726e-2,6.066411238825032e-9
1990,"MD",8.590139803294056e-2,2.4485460758612362e-9
1990,"ME",6.047000112777715e-2,1.4842444729377939e-9
1990,"MI",9.057206541441287e-2,2.3741626463378456e-9
1990,"MN",5.670653610703491e-2,1.5226421428900576e-9
1990,"MO",7.664777027002245e-2,3.2294981298498297e-9
1990,"MS",3.648212669521174e-2,7.370557046540551e-9
1990,"NC",7.937276268846089e-2,5.138026717738932e-9
1990,"ND",4.270492847136732e-2,2.6971504307488404e-9
1990,"NE",7.191184329087376e-2,2.2215312864360667e-9
1990,"NH",5.23507431879982e-2,1.7195329789128278e-9
1990,"NJ",8.140489416747364e-2,2.5544130794252862e-9
1990,"NV",8.320221452340348e-2,5.141758064279317e-9
1990,"NY",9.490396041342358e-2,2.5326640533096897e-9
1990,"OH",6.711692946769128e-2,3.794724739391729e-9
1990,"OK",8.836917085925364e-2,2.8872338146329356e-9
1990,"OR",8.792459193713957e-2,3.3697264618803185e-9
1990,"PA",5.335147368063463e-2,2.072564044610677e-9
1990,"SC",9.048531257115174e-2,3.3269638262448918e-9
1990,"SD",4.046558534330616e-2,4.672897196261682e-9
1990,"TN",6.826816125763156e-2,5.47444264417028e-9
1990,"TX",0.11999319782926085,3.377209702134021e-9
1990,"UT",9.339458431626776e-2,1.499649325467222e-9
1990,"VA",6.53119886436473e-2,3.807922528223872e-9
1990,"WA",9.351842686320988e-2,1.4401389051204567e-9
1990,"WI",6.91014299641673e-2,1.6407173368821718e-9
1990,"WV",4.051165586801149e-2,1.3488137766785746e-9
1990,"WY",7.143148922264131e-2,1.9824628288219593e-9
1991,"AL",7.333735787185973e-2,3.2728434634423437e-9
1991,"AR",8.808807690416921e-2,1.190566787583606e-9
1991,"CA",0.10182201046886541,4.755021361701465e-9
1991,"CO",9.167782788571807e-2,1.401825792617702e-9
1991,"FL",0.12266816625264951,3.585562941012564e-9
1991,"GA",9.401567281747535e-2,4.559728617580426e-9
1991,"HI",8.932643574158947e-2,6.69416755971168e-10
1991,"IA",0.0,Infinity
1991,"IL",9.299479510687204e-2,2.6575675614246427e-9
1991,"KY",5.122061655725307e-2,4.090792304974788e-9
1991,"MA",1.6282236895806573e-2,8.548812664907652e-9
1991,"MD",9.216523190373599e-2,2.315553716511333e-9
1991,"ME",5.679498193978697e-2,1.154847104749512e-9
1991,"MI",9.236086867833376e-2,2.3388343961188905e-9
1991,"MN",7.195036844017741e-2,1.2862315113863118e-9
1991,"MO",7.816284801135721e-2,3.283027020353996e-9
1991,"MS",4.659805447447262e-2,5.8135758363104905e-9
1991,"NC",8.437371366562356e-2,5.604459562580028e-9
1991,"ND",4.9465435892544714e-2,2.410219329959026e-9
1991,"NE",7.437206548559488e-2,2.304278732271896e-9
1991,"NH",4.84794903289376e-2,2.2329259125205333e-9
1991,"NJ",8.147327148664885e-2,2.7226527251265784e-9
1991,"NV",8.560039690007357e-2,4.336877448237269e-9
1991,"NY",9.438743402502227e-2,2.527427417660611e-9
1991,"OH",6.893056698817171e-2,4.314061923246974e-9
1991,"OK",8.980853447195268e-2,3.0783716422043754e-9
1991,"OR",8.903855744967878e-2,3.451207982256367e-9
1991,"PA",5.392446065022672e-2,2.1871817282202783e-9
1991,"SC",9.234920428110008e-2,3.447020379927728e-9
1991,"SD",5.43348918012967e-2,3.583241455347299e-9
1991,"TN",7.994478890286273e-2,6.368433777125659e-9
1991,"TX",0.11999185064030746,2.7389052436352606e-9
1991,"UT",9.073874832267502e-2,1.7083768882330033e-9
1991,"VA",6.778476671235747e-2,4.108642280951497e-9
1991,"WA",9.53696466428288e-2,1.412309003469897e-9
1991,"WI",7.031693929660357e-2,1.8285667510993681e-9
1991,"WV",4.3338720216509204e-2,1.1455128624729985e-9
1991,"WY",6.776629988849382e-2,2.0335299596398633e-9
1992,"AL",7.073002919089302e-2,3.744208849759534e-9
1992,"AR",7.571501565978941e-2,3.1050036714570434e-9
1992,"CA",0.10169708670085549,4.571036138958116e-9
1992,"CO",8.543503745168474e-2,1.9051483591076912e-9
1992,"FL",0.12207349582753226,3.3780205437405825e-9
1992,"GA",9.153471724438213e-2,4.4102437001625304e-9
1992,"HI",9.204450191108143e-2,8.855146088860199e-10
1992,"IA",3.9270901471423335e-2,4.6217910584359125e-9
1992,"IL",8.372478556279628e-2,3.0782160150491253e-9
1992,"KY",5.084267619048006e-2,4.782653885206713e-9
1992,"LA",8.684666771041587e-2,4.0428837271126176e-9
1992,"MA",4.754055863990841e-2,2.86726950515745e-9
1992,"MD",9.262697552150459e-2,2.4252992252290865e-9
1992,"ME",4.935268371343009e-2,1.344286781179985e-9
1992,"MI",8.508464204597883e-2,2.5413635118268442e-9
1992,"MN",7.220636057433082e-2,1.4153833988969497e-9
1992,"MO",7.562775286570309e-2,3.633838813433928e-9
1992,"MS",4.638588384075333e-2,6.560756574285236e-9
1992,"NC",8.454086297543921e-2,6.328775222086877e-9
1992,"ND",4.893607326741696e-2,2.23463687150838e-9
1992,"NE",7.264075275260043e-2,2.238903679134116e-9
1992,"NH",4.312717558487817e-2,2.6716721414046616e-9
1992,"NJ",7.599316460256475e-2,3.1225203847984947e-9
1992,"NV",8.421555229925745e-2,4.187683284457478e-9
1992,"NY",8.79030132363598e-2,2.9344084464940693e-9
1992,"OH",6.350012106559419e-2,4.983508035726019e-9
1992,"OK",8.544661133449012e-2,3.905795696840473e-9
1992,"OR",8.979523643488078e-2,2.7891738220984384e-9
1992,"PA",5.150592757696577e-2,2.4324310769400516e-9
1992,"SC",8.837269169685583e-2,3.823547376185755e-9
1992,"SD",5.173107995754004e-2,4.179723036490448e-9
1992,"TN",7.6474288225048e-2,5.6463265532955434e-9
1992,"TX",0.10829990343786428,2.7750391648240854e-9
1992,"UT",9.062367077839217e-2,1.7366305846460732e-9
1992,"VA",6.303343063342545e-2,4.5387472837258475e-9
1992,"WA",9.311763065500282e-2,1.5394394391228862e-9
1992,"WI",6.742426418161862e-2,2.188577910503044e-9
1992,"WV",4.1927328321557614e-2,1.4825336233299302e-9
1992,"WY",5.280776319253771e-2,1.9943019943019943e-9
1994,"AL",7.290230151024214e-2,3.42447623062519e-9
1994,"AR",7.512788095351862e-2,1.9767771656453315e-9
1994,"CA",9.473949850044652e-2,5.443644076049462e-9
1994,"CO",7.86975975791254e-2,2.1352728601591683e-9
1994,"FL",0.11815777190810701,2.3641433920819334e-9
1994,"GA",8.615114156970334e-2,4.107566076201041e-9
1994,"HI",0.10101310324417549,1.3600717289454075e-9
1994,"IA",4.913393241185292e-2,4.4173143580461604e-9
1994,"IL",5.148980776296514e-2,5.568238015075753e-9
1994,"KY",5.1877501309142406e-2,5.04249549980632e-9
1994,"LA",9.882767543028999e-2,4.35259390291695e-9
1994,"MA",5.517543426501813e-2,2.3229571984435794e-9
1994,"MD",9.17799343525495e-2,2.5251871647373223e-9
1994,"ME",5.05800045024875e-2,1.5431268494289698e-9
1994,"MI",7.950343408409599e-2,2.4274604192116497e-9
1994,"MN",6.779457751210327e-2,1.5497632023001746e-9
1994,"MO",7.887389068657524e-2,3.893543617545589e-9
1994,"MS",5.37773780859273e-2,5.619929224926636e-9
1994,"NC",8.179175204519802e-2,6.050099855032795e-9
1994,"ND",4.729409615790765e-2,2.6914489167823307e-9
1994,"NE",7.401384477151066e-2,2.3538799122282066e-9
1994,"NH",3.649647623431284e-2,3.743548738823871e-9
1994,"NJ",7.043136280982681e-2,3.797318208041062e-9
1994,"NV",9.63629669433001e-2,3.875504703683433e-9
1994,"NY",7.651754992615303e-2,3.624404660976023e-9
1994,"OH",6.0113845679742484e-2,4.761959300354587e-9
1994,"OK",5.087165662669844e-2,5.054310290701324e-9
1994,"OR",9.55828071604492e-2,1.9048355102145966e-9
1994,"PA",4.969250883858853e-2,2.8342686971515134e-9
1994,"SC",9.112392521813006e-2,3.4788083373519797e-9
1994,"SD",4.761974259993043e-2,4.352045767993053e-9
1994,"TN",6.914434875263434e-2,4.1537693459810284e-9
1994,"TX",8.972487486173444e-2,2.646841639178737e-9
1994,"UT",8.22096944591517e-2,2.0406131793748754e-9
1994,"VA",5.9052869296932174e-2,4.562792535408182e-9
1994,"WA",9.061549257534539e-2,1.5289168772012794e-9
1994,"WI",6.060932578753563e-2,2.7396028924134076e-9
1994,"WV",4.011051324357077e-2,1.7968818814410287e-9
1994,"WY",7.549917782475922e-2,2.0224019912881145e-9
1995,"AL",7.24147285515955e-2,3.828957871179734e-9
1995,"AR",7.409592124452466e-2,2.2149196574119597e-9
1995,"CA",8.791556552497727e-2,6.527879174278286e-9
1995,"CO",7.704569503936304e-2,2.2820242223227295e-9
1995,"FL",0.1091920532427673,2.20496786811291e-9
1995,"GA",8.52127668597698e-2,3.791891513983785e-9
1995,"HI",0.10896153357877364,1.0590825944610795e-9
1995,"IA",5.4966083376073206e-2,3.917888810399907e-9
1995,"IL",3.882862828791524e-2,7.63652367548962e-9
1995,"KY",4.9987390189567486e-2,5.664946005496773e-9
1995,"LA",9.932021819115106e-2,4.463426030811055e-9
1995,"MA",5.983626350900353e-2,1.3174996067783139e-9
1995,"MD",9.443022993322618e-2,2.6951704767106187e-9
1995,"ME",5.0630382422548e-2,1.575973108588688e-9
1995,"MI",7.405613602848186e-2,2.4966637010676154e-9
1995,"MN",6.967721442400775e-2,1.483575579961122e-9
1995,"MO",7.577431922095693e-2,4.284170636309678e-9
1995,"MS",5.179036189227326e-2,6.486200860863726e-9
1995,"NC",8.190852751726839e-2,5.017206445180587e-9
1995,"ND",4.840839120784707e-2,2.56167544222919e-9
1995,"NE",7.436200448305938e-2,2.395490193375877e-9
1995,"NH",3.234316446367813e-2,3.934876580616491e-9
1995,"NJ",7.093477669795273e-2,4.292340612166239e-9
1995,"NV",9.44577432824127e-2,3.944928518732677e-9
1995,"NY",6.799402597319558e-2,4.082725096027951e-9
1995,"OH",5.552955594582338e-2,5.167090111114123e-9
1995,"OK",5.0458209120017666e-2,4.672416012356803e-9
1995,"OR",9.739728687867676e-2,2.1083413325944327e-9
1995,"PA",5.0455252981056284e-2,2.668886086420348e-9
1995,"SC",9.079954305398678e-2,3.585458213154495e-9
1995,"SD",4.6478630184265526e-2,4.9350247524752475e-9
1995,"TN",6.942524479436257e-2,4.499443057734993e-9
1995,"TX",8.621615857551981e-2,4.963389267692078e-9
1995,"UT",9.162115302616068e-2,2.16697607172494e-9
1995,"VA",5.868948297023796e-2,4.635196039335775e-9
1995,"WA",9.062757898220926e-2,1.6225841424046226e-9
1995,"WI",5.958105311483192e-2,2.683277672715568e-9
1995,"WV",3.8182925257294824e-2,2.7806774014436427e-9
1995,"WY",4.1108836037171206e-2,2.681992337164751e-9
1996,"AL",7.13687537436299e-2,3.8918157042673456e-9
1996,"AR",7.369670472837968e-2,2.0984370086436225e-9
1996,"CA",8.052854242787104e-2,7.4361010365474164e-9
1996,"CO",7.082231125148838e-2,2.937570030231919e-9
1996,"FL",5.7890103789435286e-2,4.20824829875811e-9
1996,"GA",8.942428866462424e-2,3.733675608909128e-9
1996,"HI",9.89387775728327e-2,1.42375565033072e-9
1996,"IA",5.3684816010993903e-2,3.9898273993162675e-9
1996,"IL",3.871307483399163e-2,7.673641615854155e-9
1996,"KY",2.4622440675284196e-2,1.2623418758091435e-8
1996,"LA",0.10002923384673172,4.695903580883377e-9
1996,"MA",3.3661838043220135e-2,1.2910052910052908e-9
1996,"MD",9.037602361010662e-2,2.778934053558694e-9
1996,"ME",5.1742237012748674e-2,1.588990565368518e-9
1996,"MI",7.211944267475284e-2,2.8084069845446432e-9
1996,"MN",6.884005195348676e-2,1.605273702831341e-9
1996,"MO",7.494926779627621e-2,4.712662454839359e-9
1996,"MS",5.187697759777243e-2,7.086084816152153e-9
1996,"NC",8.008195234453681e-2,3.7150243384458126e-9
1996,"ND",4.347672749863678e-2,3.3632846624235615e-9
1996,"NE",7.138967231328495e-2,2.548825813995573e-9
1996,"NH",3.5232896176124726e-2,3.2101910828025478e-9
1996,"NJ",6.516349734088558e-2,4.500672962959774e-9
1996,"NV",8.653785868979144e-2,3.97851354288494e-9
1996,"NY",6.157495286411353e-2,4.161672155650866e-9
1996,"OH",5.613931981796155e-2,4.909944747362832e-9
1996,"OK",9.199034472218601e-2,3.4082580014659172e-9
1996,"OR",8.78415609602241e-2,2.189640616818235e-9
1996,"PA",4.969464233070187e-2,2.485528926724448e-9
1996,"SC",9.211186435296172e-2,3.5118108879064436e-9
1996,"SD",4.3823661931750815e-2,5.968614718614719e-9
1996,"TN",7.069741940240835e-2,4.5520664656595395e-9
1996,"TX",8.672986252748126e-2,3.0359881072816993e-9
1996,"UT",8.719567612539357e-2,2.3490773950996066e-9
1996,"VA",5.8205868881546434e-2,4.264919831479404e-9
1996,"WA",8.622026835118997e-2,1.7400610284986863e-9
1996,"WI",5.8311194322437275e-2,3.1153230246972826e-9
1996,"WV",3.890539729953517e-2,2.226023593184191e-9
1996,"WY",6.166128442414137e-2,2.5934861278648974e-9
1997,"AL",7.17676132801363e-2,3.715093689821933e-9
1997,"AR",7.248291660764614e-2,2.465548030594023e-9
1997,"CA",7.456253477243077e-2,8.445717458234492e-9
1997,"CO",6.717496110327127e-2,3.1744995648389903e-9
1997,"FL",0.11130011154573133,2.1202932207609993e-9
1997,"GA",8.23787699002668e-2,3.713202708054387e-9
1997,"HI",8.990823163256627e-2,2.2178008431538965e-9
1997,"IA",5.074018107364047e-2,4.509812607982988e-9
1997,"IL",3.774937376359458e-2,8.506355017241264e-9
1997,"KY",2.5199585883327692e-2,1.253361941313348e-8
1997,"LA",9.099840663260761e-2,5.659009749192627e-9
1997,"MA",2.9978278320819757e-2,1.4727888477593132e-9
1997,"MD",8.392308043751456e-2,2.988340201496754e-9
1997,"ME",4.743023093666066e-2,1.861178575993864e-9
1997,"MI",6.98745217015542e-2,3.013246726109099e-9
1997,"MN",6.8330341966297e-2,1.742141506754043e-9
1997,"MO",6.997078563856858e-2,5.0347801277079675e-9
1997,"MS",5.0998998974545746e-2,8.258488737929608e-9
1997,"NC",7.888604650936673e-2,3.1311627356630118e-9
1997,"ND",4.249761944469849e-2,3.392619786062409e-9
1997,"NE",6.809589916744119e-2,2.554098219041997e-9
1997,"NH",6.329665114647085e-3,2.061814556331007e-8
1997,"NJ",6.0574721339634076e-2,5.023589586991373e-9
1997,"NV",8.626512081891799e-2,4.149389766859646e-9
1997,"NY",5.7501039920622096e-2,4.104307590302808e-9
1997,"OH",4.940147369608707e-2,5.180734136352157e-9
1997,"OK",4.875703012044356e-2,5.2384062704114955e-9
1997,"OR",9.334854962300315e-2,1.594743036484896e-9
1997,"PA",4.905127966780463e-2,2.4700812543807272e-9
1997,"SC",9.141422299002866e-2,3.4360755928094643e-9
1997,"SD",3.5135628473573224e-2,7.710711600246086e-9
1997,"TN",7.040485338198454e-2,4.976167042976514e-9
1997,"TX",8.261384270337303e-2,3.2487726568479216e-9
1997,"UT",8.789675388688702e-2,2.4351747463359636e-9
1997,"VA",5.643467547196949e-2,4.603184960293547e-9
1997,"WA",8.425438472569934e-2,1.83090601955014e-9
1997,"WI",5.5622187243018116e-2,3.4117498924482963e-9
1997,"WV",3.905281939550439e-2,1.8252364771788042e-9
1997,"WY",3.1656781945621194e-2,3.40632603406326e-9
1998,"AL",6.628827993695312e-2,4.5464683822041945e-9
1998,"AR",6.484932959263297e-2,4.670665282765842e-9
1998,"CA",6.653644649314858e-2,9.39301261116206e-9
1998,"CO",5.991462780100652e-2,3.818227490759459e-9
1998,"FL",0.10567371751146097,2.2441075147433774e-9
1998,"GA",7.678201705524011e-2,4.157675399650162e-9
1998,"HI",7.947272343437604e-2,4.047064706158101e-9
1998,"IA",4.92568029024507e-2,4.433645032014372e-9
1998,"IL",3.627680432451138e-2,8.989716081861354e-9
1998,"KY",2.350419759655757e-2,1.2704002058109433e-8
1998,"LA",8.84644680095075e-2,6.327584270315701e-9
1998,"MA",2.872108126423583e-2,1.5648041946583647e-9
1998,"MD",7.948019224273828e-2,3.2142741187802354e-9
1998,"ME",4.5793489704876754e-2,1.782939611809012e-9
1998,"MI",7.090365944041697e-2,3.0394069109362796e-9
1998,"MN",6.1555972891320324e-2,2.1531392430585402e-9
1998,"MO",6.99165604719172e-2,5.609484817196413e-9
1998,"MS",4.735428168104745e-2,8.847113740352174e-9
1998,"NC",7.589876288636287e-2,2.886577290422722e-9
1998,"ND",4.194053550296666e-2,4.763456275250879e-9
1998,"NE",6.947430780137712e-2,2.681130044592309e-9
1998,"NH",1.585678767277481e-2,7.702564907051534e-9
1998,"NJ",5.438108519669158e-2,5.759359801689412e-9
1998,"NV",7.459530389294619e-2,4.751279978442468e-9
1998,"NY",5.224523402317852e-2,4.221284500735072e-9
1998,"OH",4.8798321039944165e-2,5.2670025816198624e-9
1998,"OK",4.851540649655016e-2,5.863192182410424e-9
1998,"OR",8.38991259640568e-2,2.0955113133884083e-9
1998,"PA",4.8212701261787144e-2,2.8175104344914317e-9
1998,"SC",8.594713296967092e-2,3.7726346939776e-9
1998,"SD",3.5708125707346e-2,8.965791040825779e-9
1998,"TN",6.828804382758635e-2,5.331377632058859e-9
1998,"TX",7.642454701486551e-2,3.769781341466414e-9
1998,"UT",8.044689361022433e-2,2.7197925051426523e-9
1998,"VA",5.261962342373467e-2,4.5060978612346725e-9
1998,"WA",8.386825294587642e-2,1.9235090419392075e-9
1998,"WI",1.737878904850992e-2,1.2141151321832361e-8
1998,"WV",3.917686044375427e-2,3.185206485434316e-9
1998,"WY",5.628279480806407e-2,3.0225711481844943e-9
1999,"AL",6.338570323872687e-2,4.5401428262280895e-9
1999,"AR",6.054173642669218e-2,7.54006293875575e-9
1999,"CA",5.749997553935056e-2,1.0367908712092103e-8
1999,"CO",5.565123134568182e-2,4.082804774509314e-9
1999,"FL",9.402942624845483e-2,2.5335044852563164e-9
1999,"GA",7.433175098506827e-2,4.050586748980841e-9
1999,"HI",7.188518511594284e-2,4.083154171579166e-9
1999,"IA",4.908966574938793e-2,4.079529400866162e-9
1999,"IL",3.3022588282659054e-2,1.0095424753799663e-8
1999,"KY",2.1446757906208997e-2,1.3942391417923443e-8
1999,"LA",8.355931211740647e-2,6.635103888490848e-9
1999,"MA",2.9254340206548116e-2,1.5627504407757652e-9
1999,"MD",5.349402577372928e-2,3.919739673319695e-9
1999,"ME",4.284123367283726e-2,1.7970578401872283e-9
1999,"MI",6.341987159566356e-2,3.097505063859206e-9
1999,"MN",5.4450707421664676e-2,2.399644411605112e-9
1999,"MO",6.645286449769387e-2,6.175899395759085e-9
1999,"MS",5.122952040714067e-2,8.194814532842702e-9
1999,"NC",7.328132926262604e-2,2.3835515811274746e-9
1999,"ND",3.8690810932403556e-2,4.874776386404293e-9
1999,"NE",6.461701741134175e-2,2.562850505319542e-9
1999,"NH",1.6540195754976356e-2,7.87529550827423e-9
1999,"NJ",5.0364169761928104e-2,5.522533855753045e-9
1999,"NV",6.52352270225922e-2,4.900896649362907e-9
1999,"NY",4.375184153168216e-2,5.10572046335425e-9
1999,"OH",4.897095504165193e-2,5.377077119727312e-9
1999,"OK",4.852795422102816e-2,5.639049454078355e-9
1999,"OR",7.391494880333496e-2,2.2306622767682484e-9
1999,"PA",4.569828383060226e-2,3.0822583421720465e-9
1999,"SC",7.931182264879198e-2,3.830899585361457e-9
1999,"SD",3.751120992451984e-2,8.49831901382144e-9
1999,"TN",6.704429123176778e-2,4.548086125344119e-9
1999,"TX",7.451737593603716e-2,3.843396365967308e-9
1999,"UT",6.633708839268666e-2,7.670167250097238e-9
1999,"VA",4.876197832191979e-2,4.652077677289941e-9
1999,"WA",7.602063827238033e-2,2.0184173894421245e-9
1999,"WI",4.943227093058355e-2,4.244974503527831e-9
1999,"WV",3.471027061616961e-2,3.2529594411022706e-9
1999,"WY",3.046863302889654e-2,3.4398034398034396e-9
2000,"AL",5.7700035151440156e-2,4.4188348416289595e-9
2000,"AR",6.355467035593702e-2,6.961864713985354e-9
2000,"AZ",9.009279233665357e-2,3.5094553202823273e-9
2000,"CA",5.6655342514960676e-2,9.667813270117732e-9
2000,"CO",5.533878466188099e-2,4.20635310290652e-9
2000,"FL",8.818667054270636e-2,3.014850708836911e-9
2000,"GA",6.806843979087446e-2,4.2471648917789715e-9
2000,"HI",7.859727081788673e-2,2.4214411913175163e-9
2000,"IA",5.0042486486898956e-2,4.2521211593129514e-9
2000,"IL",3.0609239664766908e-2,1.1429048932182549e-8
2000,"KY",2.1994675282608317e-2,1.3886681433136634e-8
2000,"LA",7.84913560717669e-2,6.345695301417292e-9
2000,"MA",3.56482517686671e-2,2.18612798289315e-9
2000,"MD",7.235679885004713e-2,3.1528012006250674e-9
2000,"ME",3.930829008032012e-2,1.98248040571692e-9
2000,"MI",6.1688177914074854e-2,3.170865048992809e-9
2000,"MN",5.39278190793942e-2,2.4137627337580363e-9
2000,"MO",6.54282676334559e-2,6.316411845041804e-9
2000,"MS",5.225839857548239e-2,8.542064127023202e-9
2000,"NC",7.167807756076337e-2,2.894193158107893e-9
2000,"ND",3.9778154171389274e-2,3.873859452537218e-9
2000,"NE",6.444812586586063e-2,2.7298418615837892e-9
2000,"NH",2.110014923296177e-2,5.719483768264256e-9
2000,"NJ",4.796791138815708e-2,5.114883241114133e-9
2000,"NV",6.317076364256932e-2,5.3017070728242385e-9
2000,"NY",4.2362616047884535e-2,5.05634993045065e-9
2000,"OH",5.031544017831705e-2,5.480649321580457e-9
2000,"OK",7.016527544651939e-2,4.652411484160323e-9
2000,"OR",7.321364600964504e-2,2.321471507573936e-9
2000,"PA",4.446170476274479e-2,3.892597696985819e-9
2000,"SC",7.883082078170003e-2,4.2266440869319784e-9
2000,"SD",3.569886542169737e-2,8.687943262411348e-9
2000,"TN",7.318570618216962e-2,4.533543444081187e-9
2000,"TX",7.646825307532316e-2,5.0947639166905835e-9
2000,"UT",6.92155083479683e-2,3.2531105439464027e-9
2000,"VA",4.431395796911822e-2,4.667962544156402e-9
2000,"WA",7.534725584228136e-2,2.1153558052434453e-9
2000,"WI",4.806767242527817e-2,4.904643400521306e-9
2000,"WV",3.862297533692221e-2,3.2961738102017126e-9
2000,"WY",3.5430473075709325e-2,3.157894736842105e-9
2001,"AK",4.638130551326715e-2,1.1134212645992751e-7
2001,"AL",5.617908167660804e-2,5.341359157650695e-9
2001,"AR",6.326086300379902e-2,7.415042534995723e-9
2001,"AZ",9.455296850742764e-2,3.522555191859259e-9
2001,"CA",5.9213915264869514e-2,8.852854096540542e-9
2001,"CO",5.7034231864304404e-2,4.090389182096346e-9
2001,"FL",8.766466302059198e-2,2.892941606995581e-9
2001,"GA",6.652839439173808e-2,4.1582789776042135e-9
2001,"HI",8.128969438382573e-2,2.643934149938303e-9
2001,"IA",5.079274858905978e-2,4.4057964740641336e-9
2001,"IL",2.9190934377014244e-2,1.4312711358663218e-8
2001,"KY",2.2430665386093254e-2,1.4509082547712118e-8
2001,"LA",7.858278048939775e-2,6.002981570808022e-9
2001,"MA",2.7165356159230138e-2,1.7353393742520088e-9
2001,"MD",7.431155077455279e-2,3.5871393093002793e-9
2001,"ME",4.037358742631674e-2,2.039245863793767e-9
2001,"MI",6.160945665817099e-2,3.3511332037305903e-9
2001,"MN",5.365911325945615e-2,2.4668245769241745e-9
2001,"MO",7.046138171676868e-2,6.702100772759648e-9
2001,"MS",5.12325132593603e-2,9.363440277589638e-9
2001,"NC",7.250264686008318e-2,2.747375975598816e-9
2001,"ND",3.697882395564992e-2,3.7245155248180965e-9
2001,"NE",6.715099406805505e-2,2.790758998549684e-9
2001,"NH",2.0556739123002068e-2,6.234228033952741e-9
2001,"NJ",4.887773846854624e-2,5.256863674481351e-9
2001,"NV",6.393925119446914e-2,4.78263759638394e-9
2001,"NY",4.026545628788084e-2,4.834275717722033e-9
2001,"OH",5.635760609980795e-2,4.830114677921302e-9
2001,"OK",7.047407089800746e-2,5.026835973294934e-9
2001,"OR",7.585262288111107e-2,2.414632204950934e-9
2001,"PA",4.145118582893859e-2,3.892475975912492e-9
2001,"SC",8.054427716443949e-2,4.428103087150532e-9
2001,"SD",3.513542369454648e-2,9.84677054373828e-9
2001,"TN",7.68786115196897e-2,4.551469622635791e-9
2001,"TX",7.747207393731351e-2,5.130290361376782e-9
2001,"UT",6.418474393345196e-2,2.99236641221374e-9
2001,"VA",4.46025677756688e-2,5.345876084070494e-9
2001,"WA",7.521524262233273e-2,2.1990026901121973e-9
2001,"WI",4.98905584336139e-2,4.769206573877487e-9
2001,"WV",3.6153624894644604e-2,3.786021555113557e-9
2001,"WY",5.368472878946928e-2,3.6857587817961584e-9
2002,"AK",5.0916748972796584e-2,7.741572528016563e-8
2002,"AL",6.145991750364717e-2,4.61374154503382e-9
2002,"AR",6.328154604016673e-2,7.634730538922155e-9
2002,"AZ",9.859338254120534e-2,3.644664730797402e-9
2002,"CA",5.99115245726374e-2,8.483900633448181e-9
2002,"CO",5.885630857319968e-2,4.292152395523257e-9
2002,"FL",8.436632773374114e-2,3.090230616042499e-9
2002,"GA",6.531320760446407e-2,4.216846782352801e-9
2002,"HI",9.136734460074647e-2,2.5631888074968654e-9
2002,"IA",5.29723900834917e-2,5.396553461654741e-9
2002,"IL",2.8632775410713032e-2,1.4059204611338447e-8
2002,"IN",5.001573152830879e-2,6.314130179368685e-9
2002,"KY",2.301051877002405e-2,1.5994972235923057e-8
2002,"LA",7.26118993946726e-2,6.965693625399045e-9
2002,"MA",2.7805688937456878e-2,1.7235636969192338e-9
2002,"MD",7.182364568312685e-2,3.6942198149675098e-9
2002,"ME",3.959558341976983e-2,2.625540157949635e-9
2002,"MI",5.886251750180866e-2,3.6900397384950647e-9
2002,"MN",5.326732476042818e-2,2.8500036829073435e-9
2002,"MO",7.000812344644768e-2,6.886163526815374e-9
2002,"MS",5.0653202829277995e-2,1.0122010122010121e-8
2002,"NC",6.907683249286972e-2,2.954587046005779e-9
2002,"ND",3.606676602697069e-2,5.545299630786708e-9
2002,"NE",6.58015339925384e-2,2.9733337119813704e-9
2002,"NH",2.4101478442334245e-2,5.309819793774694e-9
2002,"NJ",4.5987358185623356e-2,5.960529295922794e-9
2002,"NV",6.723043067357626e-2,4.545731955407274e-9
2002,"NY",4.228599411697862e-2,4.728602082174362e-9
2002,"OH",5.630192878929687e-2,5.140204560365131e-9
2002,"OK",7.264011333572354e-2,4.975891186489468e-9
2002,"OR",7.294748940748581e-2,2.6576487433500575e-9
2002,"PA",4.0484931890771084e-2,4.221463276801454e-9
2002,"SC",7.987969839818873e-2,4.56382414173164e-9
2002,"SD",3.489185647290726e-2,1.1242860690340203e-8
2002,"TN",7.514604089273176e-2,4.5089363386085984e-9
2002,"TX",8.032213011019962e-2,5.4931779524058155e-9
2002,"UT",6.837775776139618e-2,2.9517896983218545e-9
2002,"VA",4.547566524738363e-2,5.500121791890874e-9
2002,"WA",7.402202472230061e-2,2.470945004507827e-9
2002,"WI",4.847997905324189e-2,5.028286246560358e-9
2002,"WV",3.5622813120771195e-2,4.066709126506735e-9
2002,"WY",5.5232954963090525e-2,3.3840304182509503e-9
2003,"AK",5.003310233252818e-2,8.058980264643453e-8
2003,"AL",6.403208422108034e-2,5.0591882750845545e-9
2003,"AR",5.254946055903125e-2,8.751814223512336e-9
2003,"AZ",9.502592189702272e-2,4.3818204255769264e-9
2003,"CA",6.059163326187007e-2,8.02616489155396e-9
2003,"CO",5.937810731122829e-2,4.1818926581077724e-9
2003,"FL",8.074270097137877e-2,3.5022507122829106e-9
2003,"GA",6.782151590032036e-2,4.082763531692003e-9
2003,"HI",8.323650878101269e-2,2.798956661316212e-9
2003,"IA",5.030286929361545e-2,5.527500736439001e-9
2003,"IL",2.7342842509952486e-2,1.535754307325956e-8
2003,"IN",5.048999068477246e-2,7.192718280790712e-9
2003,"KY",2.763792214932362e-2,1.4443176002834312e-8
2003,"LA",7.014670100146098e-2,6.704388602113941e-9
2003,"MA",2.4760692169685745e-2,1.9727000747943154e-9
2003,"MD",6.713055641293875e-2,3.869246164109406e-9
2003,"MI",5.7397620548277656e-2,3.321181712463904e-9
2003,"MN",4.927450035925521e-2,3.084400917911931e-9
2003,"MO",6.98723894405086e-2,7.3518752537844714e-9
2003,"MS",4.9119424641711255e-2,9.549623338973369e-9
2003,"NC",6.9351690904276e-2,2.8956181084669854e-9
2003,"ND",3.3122327219788646e-2,7.456243622949533e-9
2003,"NE",6.365678967189069e-2,3.088446542171147e-9
2003,"NH",2.379121137338195e-2,5.4008479475814225e-9
2003,"NJ",4.424557755257121e-2,5.71636657259453e-9
2003,"NV",7.296873967351794e-2,4.2134246302384764e-9
2003,"NY",4.0330646330566794e-2,4.877328671166738e-9
2003,"OH",5.401669743354262e-2,5.544904989606516e-9
2003,"OK",7.358727645889698e-2,4.780490098689817e-9
2003,"OR",7.513762321542486e-2,2.591092665729522e-9
2003,"PA",4.0167937289202635e-2,4.446437015974009e-9
2003,"SC",7.940877116455836e-2,4.615481752746559e-9
2003,"SD",3.46282074965473e-2,1.243490410262924e-8
2003,"TN",7.57830612225709e-2,4.511189950840671e-9
2003,"TX",7.70910304609237e-2,6.418565288078216e-9
2003,"UT",6.769704357869788e-2,3.1701150312668877e-9
2003,"VA",4.3297857703542816e-2,5.846562182863492e-9
2003,"WA",7.550391638009006e-2,2.4298750222719984e-9
2003,"WI",4.6583588764107356e-2,5.247655083260039e-9
2003,"WV",3.780369266290021e-2,4.6951770330711435e-9
2003,"WY",3.209366391184573e-2,3.004291845493562e-9
2004,"AK",4.4757211363078614e-2,7.933708753210827e-8
2004,"AL",6.472160575628397e-2,5.0411660105459e-9
2004,"AR",6.420848199368051e-2,6.7499112423473575e-9
2004,"AZ",9.028031943813841e-2,4.457024877957755e-9
2004,"CA",6.0002851011132466e-2,8.111698243378766e-9
2004,"CO",6.055477050763782e-2,4.398120064774424e-9
2004,"FL",7.567038038828737e-2,3.768982573874167e-9
2004,"GA",6.601640627022495e-2,4.7666996404925324e-9
2004,"HI",7.503945199714776e-2,2.6731470230862696e-9
2004,"IA",4.904104560351477e-2,5.29281959197802e-9
2004,"IL",2.6056489673936967e-2,1.752155093691785e-8
2004,"IN",5.173383376474804e-2,7.013904750362418e-9
2004,"KY",3.750700804924513e-2,1.1867605982897835e-8
2004,"LA",7.163905837034218e-2,7.115703463500875e-9
2004,"MA",2.5141634055969433e-2,1.9766479727866135e-9
2004,"MD",6.454981573960726e-2,4.077336003677195e-9
2004,"MI",5.377916247724042e-2,3.6372878248768817e-9
2004,"MN",4.987288646189386e-2,3.07382241839579e-9
2004,"MO",6.706793799312039e-2,7.955749319659573e-9
2004,"MS",4.528434668533116e-2,9.721283783783783e-9
2004,"NC",6.61428600389407e-2,3.326408772623797e-9
2004,"ND",3.0795435277433808e-2,7.900225244014348e-9
2004,"NE",5.967549436832539e-2,3.3256372226724362e-9
2004,"NH",2.509006078110866e-2,5.127857594650763e-9
2004,"NJ",4.224540519668906e-2,5.878453766566345e-9
2004,"NV",7.15549239585448e-2,4.5677517433998285e-9
2004,"NY",3.9110345402868035e-2,4.737584214257707e-9
2004,"OH",5.5519045957439075e-2,5.66196655112117e-9
2004,"OK",7.232041329884013e-2,5.241647629925757e-9
2004,"OR",7.341370534678741e-2,2.766818526096836e-9
2004,"PA",4.0623129761254026e-2,4.53443733534061e-9
2004,"RI",4.726949956865335e-2,1.1225685493320834e-8
2004,"SC",7.891383653200383e-2,4.382404367684841e-9
2004,"SD",3.303353534313789e-2,1.4703972994027526e-8
2004,"TN",7.465075852001628e-2,4.7222147506589915e-9
2004,"TX",8.166787534760446e-2,7.371016788899394e-9
2004,"UT",6.52341667008491e-2,3.1989939281994853e-9
2004,"VA",4.255019534000371e-2,5.906572599708985e-9
2004,"WA",7.617312264966304e-2,2.580510753941972e-9
2004,"WI",4.2853576197040916e-2,6.067936572268099e-9
2004,"WV",3.9319349739750396e-2,5.58020226656294e-9
2004,"WY",3.824389197307373e-2,3.0154277699859743e-9
2005,"AK",4.682272066160981e-2,5.532339694479268e-8
2005,"AL",5.2763080926386915e-2,6.562430087747644e-9
2005,"AR",6.808656694847894e-2,6.204523344348231e-9
2005,"AZ",8.107756814297973e-2,5.0296499972471325e-9
2005,"CA",5.7832962508418725e-2,8.732645641027471e-9
2005,"CO",6.309700516376941e-2,4.731192383330113e-9
2005,"FL",7.224006348458453e-2,4.0320062172065e-9
2005,"GA",6.61422329966542e-2,4.502914262905932e-9
2005,"HI",6.456119904285802e-2,3.024057425109271e-9
2005,"IA",4.829056985855931e-2,5.5324141345646725e-9
2005,"IL",2.4635802873816077e-2,1.8392295314263757e-8
2005,"IN",5.1977155177872165e-2,7.664372825102625e-9
2005,"KY",3.8014096709788135e-2,1.2441670935593535e-8
2005,"LA",6.35177000369836e-2,7.3709784062777094e-9
2005,"MA",2.9614503475341992e-2,2.6084215503427986e-9
2005,"MD",6.287289367981604e-2,3.99990010655301e-9
2005,"ME",3.7298202232568044e-2,2.2918318794607453e-9
2005,"MI",5.4856431051026965e-2,3.5481383744101818e-9
2005,"MN",5.061284030805914e-2,3.1466617497075752e-9
2005,"MO",6.75120997621099e-2,7.914394461270844e-9
2005,"MS",4.8819266565494575e-2,8.447126071768815e-9
2005,"NC",6.584238521688886e-2,3.200064068449905e-9
2005,"ND",3.1743121135254626e-2,7.942875481386392e-9
2005,"NE",5.6691833026931544e-2,3.949499761791329e-9
2005,"NH",2.7865391278217744e-2,4.329631417994527e-9
2005,"NJ",4.061040402640157e-2,5.961319100396683e-9
2005,"NV",7.180610418166605e-2,4.5695510051996e-9
2005,"NY",3.7854752897702376e-2,4.829471837092808e-9
2005,"OH",5.477409215770128e-2,5.9816450481865384e-9
2005,"OK",6.932882935511299e-2,5.303556821187165e-9
2005,"OR",7.007584388796306e-2,2.8415582285081525e-9
2005,"PA",4.104055300087303e-2,4.885579260538596e-9
2005,"RI",4.433791446100689e-2,1.2853976084173717e-8
2005,"SC",7.578406297937869e-2,4.414165199698223e-9
2005,"SD",3.0066262194663972e-2,1.756297272916522e-8
2005,"TN",7.456745320235923e-2,4.952751934383585e-9
2005,"TX",7.317493318115577e-2,7.3459976432250774e-9
2005,"UT",6.398264187365214e-2,3.5159050509216974e-9
2005,"VA",4.2446583257961114e-2,5.646280480313778e-9
2005,"WA",7.687580198554737e-2,2.5158509210649877e-9
2005,"WI",4.2779080145369484e-2,6.079871341428939e-9
2005,"WV",3.32497098920548e-2,6.5595380076580245e-9
2005,"WY",2.713025154747794e-2,3.3980582524271845e-9
2006,"AK",4.746132138896145e-2,5.4689403166869667e-8
2006,"AL",5.061762280282332e-2,8.06849245075748e-9
2006,"AR",6.751261614433303e-2,6.709708465332638e-9
2006,"AZ",7.45778443729466e-2,6.1091934067280786e-9
2006,"CA",5.578469014184735e-2,9.507937508151461e-9
2006,"CO",5.5164202584170804e-2,5.632632113310907e-9
2006,"FL",7.172513673913973e-2,4.240337002182534e-9
2006,"GA",6.31877076475713e-2,5.43608925511911e-9
2006,"HI",6.352591676948861e-2,2.4678206835330666e-9
2006,"IA",4.829802305228602e-2,4.034823919107392e-9
2006,"IL",2.4374289279384908e-2,1.76368903911154e-8
2006,"IN",5.187506821087809e-2,8.225098347039549e-9
2006,"KY",3.814187628550903e-2,1.3090369879162982e-8
2006,"LA",6.349281779294776e-2,7.403651115618661e-9
2006,"MA",2.5278813815602576e-2,2.021025919883995e-9
2006,"MD",6.119056838604365e-2,4.176391106743643e-9
2006,"MI",5.678464421118298e-2,3.739563233257318e-9
2006,"MN",4.969327334146956e-2,3.252670819012393e-9
2006,"MO",6.631905233507826e-2,7.824306083502706e-9
2006,"MS",4.307893910018162e-2,1.0842301876723294e-8
2006,"NC",6.688775237426657e-2,3.203961821544266e-9
2006,"ND",3.199332105879108e-2,7.960546753650202e-9
2006,"NE",5.555520844025724e-2,3.960411947108819e-9
2006,"NJ",3.959677738457542e-2,5.845857066513731e-9
2006,"NV",7.085339725752149e-2,4.890233547397838e-9
2006,"NY",3.695295037902654e-2,5.2898972028248905e-9
2006,"OH",5.5696870565200035e-2,6.439518438870472e-9
2006,"OK",6.222157503359512e-2,5.664078352858418e-9
2006,"OR",5.9229319673162646e-2,3.3628162398093907e-9
2006,"PA",4.205091064831134e-2,5.038393756294058e-9
2006,"RI",4.228162197388028e-2,1.4444189927680879e-8
2006,"SC",7.441996815731253e-2,4.635728337920678e-9
2006,"SD",2.6684286129482142e-2,1.8868515906597713e-8
2006,"TN",7.24238692484165e-2,5.099115789473684e-9
2006,"TX",6.942266471479412e-2,7.40008132968515e-9
2006,"UT",5.7738230559519876e-2,3.7113686534216336e-9
2006,"VA",4.013165398776429e-2,6.505593906212806e-9
2006,"WA",7.081789748815766e-2,2.6368880266755327e-9
2006,"WI",4.630722984265667e-2,6.067441659214815e-9
2006,"WV",4.135535751180246e-2,5.568610414486285e-9
2006,"WY",4.656018979063286e-2,5.05170051077613e-9
2007,"AK",4.483258637125042e-2,5.9364493062461516e-8
2007,"AL",5.699524655495271e-2,6.2553354000988446e-9
2007,"AR",6.706823357267619e-2,7.034695032972641e-9
2007,"AZ",7.233069546597151e-2,6.219901901221601e-9
2007,"CA",5.312734975974324e-2,9.976209164086592e-9
2007,"CO",4.8210461359758976e-2,6.649600321248854e-9
2007,"FL",7.306259870490026e-2,4.4951415101317634e-9
2007,"GA",6.370939639665094e-2,5.079383851225497e-9
2007,"HI",6.402213793933206e-2,2.699474858176581e-9
2007,"IA",4.625118919177478e-2,4.094319892442228e-9
2007,"IL",2.1878696032009648e-2,1.8399901604804253e-8
2007,"IN",5.144718492521677e-2,8.858480868075385e-9
2007,"KY",3.835046734668643e-2,1.3640739664317373e-8
2007,"LA",6.522996239548935e-2,8.049262107669924e-9
2007,"MA",2.637537356950215e-2,1.960445634338026e-9
2007,"MD",5.967144152274495e-2,4.372649026356817e-9
2007,"MI",5.377567869968107e-2,3.5958614454991416e-9
2007,"MN",4.786488052169294e-2,3.648203404830386e-9
2007,"MO",6.62207994431805e-2,7.619073304924754e-9
2007,"MS",4.22677953976392e-2,1.0668760145833888e-8
2007,"NC",6.560966757384495e-2,3.224182734269618e-9
2007,"ND",3.1155469552207927e-2,8.15450643776824e-9
2007,"NE",5.2647461370821366e-2,4.003798606047245e-9
2007,"NH",3.045949130223855e-2,4.28517254455821e-9
2007,"NJ",3.794480848631834e-2,6.146715216350281e-9
2007,"NV",6.616558052676369e-2,5.354512759034081e-9
2007,"NY",3.5447542958182456e-2,5.668522561784429e-9
2007,"OH",5.195862471531845e-2,6.856417921696206e-9
2007,"OK",6.110720091373381e-2,5.864912316657444e-9
2007,"OR",5.662968328633403e-2,3.3969679955081416e-9
2007,"PA",4.0876384281413006e-2,5.317853777312129e-9
2007,"RI",4.1827896271035e-2,1.4355844500464376e-8
2007,"SC",7.49100271468953e-2,4.6320652681897685e-9
2007,"SD",2.7288716020857143e-2,1.8130869433504997e-8
2007,"TN",7.19979090026995e-2,5.437121912318692e-9
2007,"TX",6.959026028568463e-2,7.182719518711286e-9
2007,"UT",5.868393307084269e-2,3.4998680444182787e-9
2007,"VA",4.00142441665438e-2,6.546460355124871e-9
2007,"WA",6.393790998557723e-2,2.8721060578735384e-9
2007,"WI",4.6731679751228376e-2,5.865742084977256e-9
2007,"WV",3.903710960243841e-2,6.618966164629312e-9
2007,"WY",4.5572446112775555e-2,4.617253948967193e-9
2008,"AK",4.005608866062981e-2,6.85259384226065e-8
2008,"AL",6.353970418079921e-2,6.222866135438263e-9
2008,"AR",6.559487921807147e-2,6.6648310712319e-9
2008,"AZ",6.654478842189263e-2,6.80650386198943e-9
2008,"CA",5.12234924939629e-2,1.0372246884103778e-8
2008,"CO",4.6981793511677354e-2,6.83130069735536e-9
2008,"FL",7.323600241664212e-2,4.553806173929815e-9
2008,"GA",6.62464302965897e-2,4.198817937667562e-9
2008,"HI",5.5552219954013174e-2,3.422532674178892e-9
2008,"IA",4.22437464638128e-2,4.609070690439035e-9
2008,"IL",3.623789771318924e-2,1.098012972305158e-8
2008,"IN",5.1137506043599956e-2,9.286419662777514e-9
2008,"KY",4.2539118793148596e-2,1.1770988756532871e-8
2008,"LA",6.915729164541627e-2,7.585659178579532e-9
2008,"MA",2.5507598729252057e-2,2.046239702365134e-9
2008,"MD",6.052770386272701e-2,4.070292333710565e-9
2008,"ME",3.575974833565001e-2,2.463175122749591e-9
2008,"MI",5.186259836926331e-2,3.4290037655557456e-9
2008,"MN",4.600466051721486e-2,3.593986079805811e-9
2008,"MO",6.301551457004795e-2,7.915578992386616e-9
2008,"MS",3.672161916514568e-2,1.2948988831874433e-8
2008,"NC",6.553240173870455e-2,3.4269504374312708e-9
2008,"ND",3.141787161691743e-2,8.14089106601353e-9
2008,"NE",4.886597919508159e-2,4.21167505179047e-9
2008,"NH",3.1213897663828854e-2,4.0550503809289755e-9
2008,"NJ",3.896836937744637e-2,5.521165784028338e-9
2008,"NV",6.071907052827771e-2,5.371555547393648e-9
2008,"NY",3.556584941256481e-2,5.395739821272558e-9
2008,"OH",5.2109693516615305e-2,6.892129506710282e-9
2008,"OK",6.03103789129603e-2,6.04880276184612e-9
2008,"OR",5.302044272026234e-2,3.6494719437534447e-9
2008,"PA",4.171333290673866e-2,5.32594412386448e-9
2008,"RI",4.545568296833465e-2,1.2475913748279554e-8
2008,"SC",7.283681289120422e-2,4.512514243763146e-9
2008,"SD",2.8929283511140897e-2,1.6834532374100718e-8
2008,"TN",7.060139164417897e-2,5.440563121735257e-9
2008,"TX",6.754420530514677e-2,7.405836837540961e-9
2008,"UT",5.718090630735951e-2,3.4514868100607817e-9
2008,"VA",4.040256731268295e-2,6.16080188068045e-9
2008,"WA",6.016367271518255e-2,2.971287187388882e-9
2008,"WI",4.5373835468049815e-2,5.766587456900569e-9
2008,"WV",3.931161167066791e-2,6.316905360743311e-9
2008,"WY",4.26091099578366e-2,4.905615005410604e-9
2009,"AK",4.24902522852224e-2,6.79682524129146e-8
2009,"AL",6.205035716433148e-2,6.626891114425741e-9
2009,"AR",6.341817436577864e-2,7.218589930454337e-9
2009,"AZ",5.821445648177836e-2,7.668226400013322e-9
2009,"CA",4.739626425297589e-2,1.0265167575249237e-8
2009,"CO",4.427708170627722e-2,6.9280386483688585e-9
2009,"FL",6.783176586910665e-2,4.514385591757582e-9
2009,"GA",6.072203911873115e-2,5.1758291822829225e-9
2009,"HI",5.694959055092023e-2,3.224930672717048e-9
2009,"IA",4.0751372940589115e-2,4.327795436704544e-9
2009,"IL",3.864962188493914e-2,1.04240335720761e-8
2009,"IN",4.80923187883159e-2,1.0090078758441859e-8
2009,"KY",4.0154717639617976e-2,1.2475308748003228e-8
2009,"LA",6.35813296252003e-2,8.524827421050987e-9
2009,"MA",2.604188869319393e-2,2.024640303265271e-9
2009,"MD",5.5433583172276306e-2,4.034106831932888e-9
2009,"MI",5.0217203876951305e-2,3.5490083962803572e-9
2009,"MN",4.302792208859422e-2,4.140351801484389e-9
2009,"MO",5.88085231061448e-2,7.987802259159042e-9
2009,"MS",5.105424022937758e-2,8.340567612687814e-9
2009,"NC",5.933785511618493e-2,3.6825339568143057e-9
2009,"ND",3.158575247093927e-2,7.911516964496574e-9
2009,"NE",4.6383177244965226e-2,4.361706219469979e-9
2009,"NH",3.339233712099583e-2,4.377564979480164e-9
2009,"NJ",3.540788881586223e-2,5.612247345720769e-9
2009,"NV",5.501514865813136e-2,5.639762790230173e-9
2009,"NY",3.432414460070232e-2,5.2551612796213765e-9
2009,"OH",5.0518811819206214e-2,6.756610232500504e-9
2009,"OK",6.154533017670045e-2,5.097232759653395e-9
2009,"OR",4.884623683325325e-2,4.152704067725954e-9
2009,"PA",3.863865839732688e-2,5.550461950772268e-9
2009,"RI",4.233364606136419e-2,1.2459780681594326e-8
2009,"SC",6.769665246500305e-2,4.623875558624393e-9
2009,"SD",2.9310044939911576e-2,1.6864476952801545e-8
2009,"TN",6.622603716759917e-2,5.538092672606028e-9
2009,"TX",6.76831847077654e-2,7.130371533779079e-9
2009,"UT",5.563927689961057e-2,3.5927897137092207e-9
2009,"VA",3.487619443017014e-2,5.304505184435544e-9
2009,"WA",5.823336127057157e-2,2.916114657352764e-9
2009,"WI",4.2621916721229815e-2,5.81001031545527e-9
2009,"WV",3.884714624664901e-2,6.683783163212056e-9
2009,"WY",4.025351283865991e-2,5.281180034242065e-9
2010,"AK",4.182676382908248e-2,5.155909720847357e-8
2010,"AL",5.516125626018222e-2,6.79451243134842e-9
2010,"AR",6.087974586473432e-2,7.53880266075388e-9
2010,"AZ",5.503629999000531e-2,7.218123419189399e-9
2010,"CA",4.545356038225218e-2,9.719225457908958e-9
2010,"CO",4.362482896604388e-2,6.855501094033692e-9
2010,"FL",6.29138986421808e-2,4.559208649882023e-9
2010,"GA",5.870684854704825e-2,5.116333268595844e-9
2010,"HI",5.4456562699922e-2,3.323208143066927e-9
2010,"IA",3.9104896526544634e-2,5.0356086627852995e-9
2010,"IL",4.573740762700834e-2,8.0065867854514e-9
2010,"IN",4.795452679545083e-2,9.724284353221679e-9
2010,"KY",4.097168750545211e-2,1.2455363878690337e-8
2010,"LA",6.05679645078775e-2,9.131828965756318e-9
2010,"MA",4.1054787834136366e-2,1.901397701750943e-9
2010,"MD",5.220553066315577e-2,4.273905737764456e-9
2010,"MI",4.8052081004935146e-2,3.770564134888119e-9
2010,"MN",4.190470588800848e-2,4.3646669815777045e-9
2010,"MO",5.766841085354242e-2,7.986749128174688e-9
2010,"MS",3.5761984650040574e-2,1.378854177266714e-8
2010,"NC",5.519398418262995e-2,3.832167911324166e-9
2010,"ND",2.912051064912942e-2,8.17784501596907e-9
2010,"NE",4.5280781427053045e-2,4.7120215717084714e-9
2010,"NJ",3.562363559735383e-2,5.4254475709395786e-9
2010,"NV",5.098845336767603e-2,6.116897835824923e-9
2010,"NY",3.41155706465217e-2,5.0728267229304445e-9
2010,"OH",5.0178109724350335e-2,6.493263570281771e-9
2010,"OK",5.90698040514004e-2,6.0010577576910654e-9
2010,"OR",4.889755040941589e-2,3.94272341438261e-9
2010,"PA",3.818415416345253e-2,5.5964253134808354e-9
2010,"RI",4.157148557580678e-2,1.2695652173913043e-8
2010,"SC",6.707334983607542e-2,4.1694337770334644e-9
2010,"SD",3.156548966474447e-2,1.4539030295099129e-8
2010,"TN",6.411259751724073e-2,5.6959936637845685e-9
2010,"TX",6.362878418508233e-2,7.505639854346665e-9
2010,"UT",5.292523351279551e-2,3.586304120298182e-9
2010,"VA",3.738912588409947e-2,5.631873488807425e-9
2010,"WA",5.834187065414042e-2,2.7486876762997138e-9
2010,"WI",4.101736577192259e-2,5.744143773805471e-9
2010,"WV",3.336324931588588e-2,7.957682816584818e-9
2010,"WY",3.93575932245156e-2,5.526065060568939e-9
2011,"AK",3.87376212036635e-2,6.611517318674281e-8
2011,"AL",5.950127948122994e-2,6.162332296453027e-9
2011,"AR",6.476051304817729e-2,5.496293178801515e-9
2011,"AZ",5.578305359683012e-2,6.7594630329079685e-9
2011,"CA",4.4675202759296526e-2,8.01702431756196e-9
2011,"CO",4.289814714094057e-2,6.2514369176257385e-9
2011,"FL",6.266606024122666e-2,4.24870897018942e-9
2011,"GA",5.896312105005082e-2,5.260113675215872e-9
2011,"HI",4.827315308023306e-2,3.464431019603008e-9
2011,"IA",4.0098100794451856e-2,4.904469353560805e-9
2011,"IL",4.523659597575982e-2,7.131089968712087e-9
2011,"IN",4.923628426400173e-2,8.83627483731938e-9
2011,"KS",5.429320521790296e-2,3.872155427049965e-9
2011,"KY",4.4009394501550274e-2,1.2219851418069681e-8
2011,"LA",6.132683156047457e-2,8.599677718847045e-9
2011,"MA",3.8632315150424486e-2,1.924418437058603e-9
2011,"MD",4.971253106323913e-2,4.65288522511097e-9
2011,"ME",3.9857719733834306e-2,2.447925439335242e-9
2011,"MI",4.498759285996155e-2,3.725016368876859e-9
2011,"MN",4.123965876426342e-2,4.617142544354811e-9
2011,"MO",5.72318014291844e-2,8.181482393499138e-9
2011,"MS",4.101719047420207e-2,1.210210061081591e-8
2011,"NC",5.6461263885634626e-2,3.6522701738153457e-9
2011,"ND",3.2270217478421334e-2,6.766805472932777e-9
2011,"NE",4.63060738977217e-2,4.962306822465134e-9
2011,"NH",3.438873483133917e-2,4.3158772943139515e-9
2011,"NJ",3.6694809047195805e-2,4.724648619791427e-9
2011,"NV",4.713432065706187e-2,6.577503909623509e-9
2011,"NY",3.387528319139876e-2,5.078367949280967e-9
2011,"OH",5.1340434704382334e-2,5.566284077154e-9
2011,"OK",5.842939735519208e-2,5.69335971397827e-9
2011,"OR",5.096088529560071e-2,3.6432447220828965e-9
2011,"PA",3.893159414846457e-2,5.939727056770252e-9
2011,"RI",4.272567070255606e-2,1.134567218553817e-8
2011,"SC",6.818920026706744e-2,3.765346338143979e-9
2011,"SD",3.09628046329051e-2,1.4759232676497454e-8
2011,"TN",6.360293280372759e-2,6.084118980295457e-9
2011,"TX",5.936929399158277e-2,8.041759651250372e-9
2011,"UT",5.002793535218819e-2,3.652083849323396e-9
2011,"VA",3.621262742039965e-2,5.489358287697338e-9
2011,"WA",5.7041626511194286e-2,2.864110751230867e-9
2011,"WI",4.00330013597636e-2,5.54113865690123e-9
2011,"WV",3.269907311247274e-2,8.67698873505037e-9
2011,"WY",3.668996485225921e-2,6.141181612879726e-9
2012,"AK",4.066236069414352e-2,6.403605962933118e-8
2012,"AL",5.926973325674223e-2,6.086882957573707e-9
2012,"AR",6.40054634158576e-2,5.481856402302135e-9
2012,"AZ",5.380117237480287e-2,6.8522910287949306e-9
2012,"CA",4.741258236423948e-2,2.8076400695867217e-9
2012,"CO",4.39298689641304e-2,6.036138694448966e-9
2012,"FL",5.8378396620132965e-2,4.304613885425011e-9
2012,"GA",5.605326069128109e-2,5.374560538501115e-9
2012,"HI",5.1218796207706356e-2,5.060604130845486e-9
2012,"IA",3.9435404944080196e-2,5.3799913563916856e-9
2012,"IL",4.366159037776651e-2,7.37937484149125e-9
2012,"IN",4.8089567061266804e-2,9.22094520574273e-9
2012,"KS",5.4056483783161254e-2,0.0
2012,"KY",4.140326841488435e-2,1.3330034228215596e-8
2012,"LA",5.8286133942641954e-2,8.966260632564269e-9
2012,"MA",3.6996106740206015e-2,1.7985868671583637e-9
2012,"MD",4.7792680948007975e-2,4.076796317124846e-9
2012,"ME",3.93429663040119e-2,2.9856268677956452e-9
2012,"MI",4.4232368449458465e-2,4.702709362977972e-9
2012,"MN",4.162736452643663e-2,4.679160642624545e-9
2012,"MO",5.734543279470097e-2,8.252102090929385e-9
2012,"MS",3.8086183627509165e-2,1.3655223940335943e-8
2012,"NC",5.503637680761297e-2,3.6641448272381092e-9
2012,"ND",3.443508712633318e-2,7.695453615977097e-9
2012,"NE",4.6470132492311064e-2,5.3927622469218965e-9
2012,"NH",3.400345072790514e-2,4.321888272865804e-9
2012,"NJ",3.488117577163208e-2,4.787310951100315e-9
2012,"NV",5.155251526871068e-2,5.8959205799196445e-9
2012,"NY",3.407439836837926e-2,4.946322312866121e-9
2012,"OH",4.955390419274724e-2,5.593536521282186e-9
2012,"OK",5.9586352535323656e-2,5.682632867558537e-9
2012,"OR",5.193535431018117e-2,3.648725800591685e-9
2012,"PA",3.8037190974205146e-2,6.235490860981196e-9
2012,"RI",4.1530361569400556e-2,1.2098286020353509e-8
2012,"SC",6.653388408921168e-2,3.6668948033044466e-9
2012,"SD",3.479983693115462e-2,1.3044708545557442e-8
2012,"TN",6.0699585594069023e-2,5.692893117817032e-9
2012,"TX",5.760324140535044e-2,8.141659686575305e-9
2012,"UT",5.001689441297047e-2,3.4731389144638315e-9
2012,"VA",3.510381225618468e-2,5.755096166695792e-9
2012,"WA",5.867087335830787e-2,2.7913786570628725e-9
2012,"WI",4.044375263686129e-2,5.282595877851713e-9
2012,"WV",3.855066834967796e-2,7.4406011250104945e-9
2012,"WY",3.6777504786131676e-2,6.415580695975941e-9
2013,"AK",4.380681330274667e-2,5.3682441893027156e-8
2013,"AL",5.577767395192027e-2,6.404494382022472e-9
2013,"AR",6.056146416233422e-2,8.230140388396398e-9
2013,"AZ",5.7165942786305456e-2,6.903781262405716e-9
2013,"CA",4.559575940227603e-2,3.166961130742049e-9
2013,"CO",4.3803651044886295e-2,6.476521559327729e-9
2013,"FL",5.5711767284646635e-2,4.661577418527367e-9
2013,"GA",5.554031516529399e-2,5.2313991558093925e-9
2013,"HI",5.3170804666467245e-2,5.146863980105588e-9
2013,"IA",3.7889891618367914e-2,6.546037995334852e-9
2013,"IL",3.96973268549995e-2,8.164804477407669e-9
2013,"IN",4.559473706094051e-2,1.0368009889252529e-8
2013,"KS",5.061391556098851e-2,0.0
2013,"KY",3.884352882261105e-2,1.4849443509371778e-8
2013,"LA",6.00635804729383e-2,9.022495330391706e-9
2013,"MA",3.580256594490747e-2,1.8469186236088123e-9
2013,"MD",4.6490162364482314e-2,5.028121665746256e-9
2013,"ME",3.632399991871552e-2,3.6550116550116548e-9
2013,"MI",4.122405738044663e-2,4.290057633697633e-9
2013,"MN",4.00233746655362e-2,4.828633193180307e-9
2013,"MO",5.45875718355194e-2,9.031026869056563e-9
2013,"MS",3.484860376250763e-2,1.4094764551038315e-8
2013,"NC",5.061758395558256e-2,4.470197166322813e-9
2013,"ND",3.623656972031281e-2,7.629145923579234e-9
2013,"NE",4.421050112641486e-2,6.1221728204136866e-9
2013,"NH",3.277576503342975e-2,4.301293088895641e-9
2013,"NJ",3.232537394300726e-2,4.9711980368914676e-9
2013,"NV",5.1699689426331415e-2,5.7322500734769284e-9
2013,"NY",3.251773506807052e-2,5.068867219572497e-9
2013,"OH",4.633544800542046e-2,6.203844644072487e-9
2013,"OK",5.694068184924074e-2,6.054424169696114e-9
2013,"OR",5.1313696134767564e-2,3.750018731362295e-9
2013,"PA",3.619966662624915e-2,7.413972310830316e-9
2013,"RI",3.994417890660433e-2,1.2199979037836704e-8
2013,"SC",6.315591784186113e-2,3.6950541796057727e-9
2013,"SD",3.2469842437226705e-2,1.1756016495352987e-8
2013,"TN",5.7470354184696995e-2,6.922110552763819e-9
2013,"TX",5.586359684119898e-2,8.193503738243537e-9
2013,"UT",5.184057513461811e-2,3.267154153558371e-9
2013,"VA",3.3805088924176115e-2,6.339592489013184e-9
2013,"WA",5.9068004258121205e-2,2.904633738270168e-9
2013,"WI",3.671252364673295e-2,6.212667704023462e-9
2013,"WV",3.1504307130361606e-2,9.320514486163441e-9
2013,"WY",3.524766802698426e-2,7.332201137118807e-9
2014,"AK",4.200669300862834e-2,5.359216777847099e-8
2014,"AL",5.338687842176515e-2,6.529673072714259e-9
2014,"AR",5.582142675654423e-2,9.642149916004242e-9
2014,"AZ",5.393093475919354e-2,7.621237057742713e-9
2014,"CA",4.254602601375008e-2,3.3882246050570435e-9
2014,"CO",4.240188508873066e-2,6.625291641055129e-9
2014,"FL",5.3396224576127145e-2,4.571910235748397e-9
2014,"GA",5.6506395710745276e-2,4.891605275508751e-9
2014,"HI",5.3531767016695625e-2,2.1047538405709444e-9
2014,"IA",3.668169749537607e-2,7.418446992277938e-9
2014,"IL",3.611700049488188e-2,0.0
2014,"IN",4.148313185417528e-2,1.022331375610515e-8
2014,"KS",4.6162100711322186e-2,0.0
2014,"KY",3.7450000496697985e-2,1.5551510605797287e-8
2014,"LA",5.8626116630363906e-2,8.87454395473595e-9
2014,"MA",3.264287841104144e-2,1.9926624948858798e-9
2014,"ME",3.184979817510739e-2,4.16859987865377e-9
2014,"MI",3.708122716916006e-2,4.405805431814916e-9
2014,"MN",3.80347735044163e-2,5.5501054234508605e-9
2014,"MO",5.152888053363477e-2,9.63546249046865e-9
2014,"MS",3.312148556589465e-2,1.2213223293197425e-8
2014,"NC",4.7522536028274366e-2,5.1645051326373934e-9
2014,"ND",3.6749421322561614e-2,8.373471656168951e-9
2014,"NE",4.361631361627915e-2,5.507813271696399e-9
2014,"NH",3.0371014859929085e-2,4.379481925947607e-9
2014,"NJ",2.9191647499939712e-2,5.347175708863586e-9
2014,"NV",4.971368107570055e-2,6.143823548604616e-9
2014,"NY",3.1096139051381682e-2,5.05670758734992e-9
2014,"OH",4.2531385374313974e-2,6.6684954813892416e-9
2014,"OK",5.2618335035526376e-2,8.262674874940222e-9
2014,"OR",4.8642411956263884e-2,3.860404724958039e-9
2014,"PA",3.414209616386882e-2,7.112919986144786e-9
2014,"RI",3.561371333604724e-2,1.3795270641841463e-8
2014,"SC",6.09839137685249e-2,3.6614981277320225e-9
2014,"SD",3.402780496549621e-2,1.0512292600217996e-8
2014,"TN",5.6027397355891774e-2,6.304764910590443e-9
2014,"TX",5.2474502513176605e-2,8.63102326810066e-9
2014,"UT",4.838272504621597e-2,3.2248686123224867e-9
2014,"WA",5.937351143695952e-2,2.738152500879454e-9
2014,"WI",3.509713500449525e-2,6.59094484944295e-9
2014,"WV",3.185456406784699e-2,9.195521459672404e-9
2014,"WY",3.139573273905328e-2,7.640486362142622e-9
